TIME,X,Y,Z,X2,Y2,Z2
"('2022-03-22 12:10:16',)","(-30,)","(112,)","(227,)","('-98',)","('-32',)","(227,)"
"('2022-03-22 12:10:16',)","(-32,)","(112,)","(226,)","('-97',)","('-32',)","(226,)"
"('2022-03-22 12:10:15',)","(-33,)","(111,)","(230,)","('-98',)","('-30',)","(230,)"
"('2022-03-22 12:10:15',)","(-30,)","(109,)","(228,)","('-98',)","('-31',)","(228,)"
"('2022-03-22 12:10:15',)","(-32,)","(111,)","(225,)","('-98',)","('-32',)","(225,)"
"('2022-03-22 12:10:15',)","(-31,)","(110,)","(228,)","('-98',)","('-32',)","(228,)"
"('2022-03-22 12:10:14',)","(-34,)","(114,)","(226,)","('-97',)","('-31',)","(226,)"
"('2022-03-22 12:10:14',)","(-33,)","(113,)","(226,)","('-97',)","('-31',)","(226,)"
"('2022-03-22 12:10:14',)","(-33,)","(112,)","(226,)","('-97',)","('-30',)","(226,)"
"('2022-03-22 12:10:14',)","(-32,)","(112,)","(228,)","('-96',)","('-31',)","(228,)"
"('2022-03-22 12:10:13',)","(-35,)","(108,)","(229,)","('-97',)","('-32',)","(229,)"
"('2022-03-22 12:10:13',)","(-35,)","(108,)","(228,)","('-97',)","('-32',)","(228,)"
"('2022-03-22 12:10:13',)","(-34,)","(112,)","(227,)","('-97',)","('-32',)","(227,)"
"('2022-03-22 12:10:13',)","(-33,)","(112,)","(227,)","('-98',)","('-32',)","(227,)"
"('2022-03-22 12:10:12',)","(-32,)","(114,)","(227,)","('-98',)","('-31',)","(227,)"
"('2022-03-22 12:10:12',)","(-33,)","(114,)","(225,)","('-97',)","('-31',)","(225,)"
"('2022-03-22 12:10:12',)","(-32,)","(112,)","(227,)","('-96',)","('-33',)","(227,)"
"('2022-03-22 12:10:12',)","(-33,)","(114,)","(227,)","('-97',)","('-32',)","(227,)"
"('2022-03-22 12:10:11',)","(-32,)","(107,)","(228,)","('-96',)","('-33',)","(228,)"
"('2022-03-22 12:10:11',)","(-34,)","(107,)","(227,)","('-97',)","('-32',)","(227,)"
"('2022-03-22 12:10:11',)","(-34,)","(111,)","(228,)","('-97',)","('-32',)","(228,)"
"('2022-03-22 12:10:11',)","(-33,)","(111,)","(227,)","('-97',)","('-31',)","(227,)"
"('2022-03-22 12:10:10',)","(-32,)","(111,)","(228,)","('-98',)","('-32',)","(228,)"
"('2022-03-22 12:10:10',)","(-35,)","(112,)","(227,)","('-96',)","('-32',)","(227,)"
"('2022-03-22 12:10:10',)","(-33,)","(110,)","(225,)","('-97',)","('-31',)","(225,)"
"('2022-03-22 12:10:10',)","(-34,)","(112,)","(226,)","('-97',)","('-32',)","(226,)"
"('2022-03-22 12:10:10',)","(-30,)","(113,)","(228,)","('-96',)","('-33',)","(228,)"
"('2022-03-22 12:10:10',)","(-33,)","(112,)","(227,)","('-98',)","('-32',)","(227,)"
"('2022-03-22 12:10:09',)","(-32,)","(110,)","(225,)","('-97',)","('-31',)","(225,)"
"('2022-03-22 12:10:09',)","(-34,)","(112,)","(226,)","('-97',)","('-31',)","(226,)"
"('2022-03-22 12:10:09',)","(-38,)","(112,)","(226,)","('-97',)","('-31',)","(226,)"
"('2022-03-22 12:10:09',)","(-36,)","(111,)","(226,)","('-97',)","('-32',)","(226,)"
"('2022-03-22 12:10:09',)","(-31,)","(112,)","(232,)","('-98',)","('-32',)","(232,)"
"('2022-03-22 12:10:09',)","(-33,)","(112,)","(231,)","('-97',)","('-32',)","(231,)"
"('2022-03-22 12:10:08',)","(-29,)","(113,)","(234,)","('-97',)","('-32',)","(234,)"
"('2022-03-22 12:10:08',)","(-34,)","(110,)","(230,)","('-97',)","('-31',)","(230,)"
"('2022-03-22 12:10:08',)","(-36,)","(111,)","(230,)","('-97',)","('-33',)","(230,)"
"('2022-03-22 12:10:08',)","(-35,)","(113,)","(226,)","('-97',)","('-32',)","(226,)"
"('2022-03-22 12:10:08',)","(-30,)","(111,)","(225,)","('-97',)","('-32',)","(225,)"
"('2022-03-22 12:10:08',)","(-34,)","(111,)","(225,)","('-97',)","('-31',)","(225,)"
"('2022-03-22 12:10:08',)","(-32,)","(112,)","(226,)","('-96',)","('-31',)","(226,)"
"('2022-03-22 12:10:08',)","(-32,)","(113,)","(225,)","('-97',)","('-31',)","(225,)"
"('2022-03-22 12:10:08',)","(-33,)","(114,)","(228,)","('-97',)","('-31',)","(228,)"
"('2022-03-22 12:10:08',)","(-33,)","(115,)","(225,)","('-98',)","('-32',)","(225,)"
"('2022-03-22 12:10:08',)","(-34,)","(113,)","(226,)","('-97',)","('-32',)","(226,)"
"('2022-03-22 12:10:08',)","(-33,)","(113,)","(225,)","('-97',)","('-32',)","(225,)"
"('2022-03-22 12:10:08',)","(-34,)","(113,)","(227,)","('-98',)","('-32',)","(227,)"
"('2022-03-22 12:10:08',)","(-34,)","(114,)","(227,)","('-97',)","('-31',)","(227,)"
"('2022-03-22 12:10:07',)","(-33,)","(113,)","(225,)","('-97',)","('-31',)","(225,)"
"('2022-03-22 12:10:07',)","(-33,)","(112,)","(228,)","('-98',)","('-31',)","(228,)"
"('2022-03-22 12:10:07',)","(-33,)","(112,)","(227,)","('-97',)","('-32',)","(227,)"
"('2022-03-22 12:10:07',)","(-35,)","(113,)","(227,)","('-98',)","('-31',)","(227,)"
"('2022-03-22 12:10:07',)","(-40,)","(116,)","(225,)","('-98',)","('-31',)","(225,)"
"('2022-03-22 12:10:07',)","(-34,)","(111,)","(228,)","('-96',)","('-33',)","(228,)"
"('2022-03-22 12:10:07',)","(-36,)","(110,)","(229,)","('-97',)","('-31',)","(229,)"
"('2022-03-22 12:10:07',)","(-25,)","(141,)","(235,)","('-96',)","('-33',)","(235,)"
"('2022-03-22 12:10:07',)","(-36,)","(114,)","(227,)","('-96',)","('-34',)","(227,)"
"('2022-03-22 12:10:07',)","(-23,)","(135,)","(236,)","('-97',)","('-32',)","(236,)"
"('2022-03-22 12:10:07',)","(-35,)","(112,)","(231,)","('-97',)","('-32',)","(231,)"
"('2022-03-22 12:10:07',)","(-31,)","(110,)","(231,)","('-96',)","('-32',)","(231,)"
"('2022-03-22 12:10:07',)","(-32,)","(111,)","(234,)","('-96',)","('-33',)","(234,)"
"('2022-03-22 12:10:07',)","(-32,)","(109,)","(236,)","('-97',)","('-31',)","(236,)"
"('2022-03-22 12:10:07',)","(-31,)","(109,)","(233,)","('-96',)","('-31',)","(233,)"
"('2022-03-22 12:10:07',)","(-32,)","(110,)","(233,)","('-98',)","('-31',)","(233,)"
"('2022-03-22 12:10:07',)","(-32,)","(110,)","(231,)","('-97',)","('-31',)","(231,)"
"('2022-03-22 12:10:07',)","(-31,)","(110,)","(233,)","('-97',)","('-32',)","(233,)"
"('2022-03-22 12:10:07',)","(-31,)","(109,)","(231,)","('-97',)","('-31',)","(231,)"
"('2022-03-22 12:10:07',)","(-30,)","(110,)","(233,)","('-97',)","('-31',)","(233,)"
"('2022-03-22 12:10:07',)","(-30,)","(113,)","(234,)","('-97',)","('-32',)","(234,)"
"('2022-03-22 12:10:06',)","(-32,)","(108,)","(233,)","('-96',)","('-32',)","(233,)"
"('2022-03-22 12:10:06',)","(-31,)","(111,)","(234,)","('-96',)","('-33',)","(234,)"
"('2022-03-22 12:10:06',)","(-27,)","(110,)","(233,)","('-97',)","('-31',)","(233,)"
"('2022-03-22 12:10:06',)","(-30,)","(112,)","(237,)","('-97',)","('-32',)","(237,)"
"('2022-03-22 12:10:06',)","(-34,)","(110,)","(229,)","('-96',)","('-33',)","(229,)"
"('2022-03-22 12:10:06',)","(-35,)","(110,)","(226,)","('-97',)","('-32',)","(226,)"
"('2022-03-22 12:10:06',)","(-34,)","(111,)","(226,)","('-96',)","('-32',)","(226,)"
"('2022-03-22 12:10:06',)","(-35,)","(115,)","(227,)","('-96',)","('-33',)","(227,)"
"('2022-03-22 12:10:06',)","(-32,)","(111,)","(226,)","('-97',)","('-32',)","(226,)"
"('2022-03-22 12:10:06',)","(-31,)","(113,)","(229,)","('-96',)","('-33',)","(229,)"
"('2022-03-22 12:10:06',)","(-29,)","(115,)","(228,)","('-97',)","('-33',)","(228,)"
"('2022-03-22 12:10:06',)","(-28,)","(118,)","(230,)","('-98',)","('-32',)","(230,)"
"('2022-03-22 12:10:06',)","(-28,)","(116,)","(231,)","('-97',)","('-32',)","(231,)"
"('2022-03-22 12:10:06',)","(-29,)","(114,)","(231,)","('-97',)","('-32',)","(231,)"
"('2022-03-22 12:10:06',)","(-30,)","(117,)","(231,)","('-97',)","('-31',)","(231,)"
"('2022-03-22 12:10:06',)","(-32,)","(115,)","(228,)","('-97',)","('-31',)","(228,)"
"('2022-03-22 12:10:05',)","(-34,)","(114,)","(228,)","('-97',)","('-32',)","(228,)"
"('2022-03-22 12:10:05',)","(-42,)","(106,)","(227,)","('-98',)","('-32',)","(227,)"
"('2022-03-22 12:10:05',)","(-31,)","(107,)","(234,)","('-97',)","('-31',)","(234,)"
"('2022-03-22 12:10:05',)","(-32,)","(103,)","(230,)","('-96',)","('-31',)","(230,)"
"('2022-03-22 12:10:05',)","(-32,)","(108,)","(233,)","('-98',)","('-31',)","(233,)"
"('2022-03-22 12:10:04',)","(-30,)","(108,)","(233,)","('-97',)","('-32',)","(233,)"
"('2022-03-22 12:10:04',)","(-51,)","(128,)","(213,)","('-97',)","('-33',)","(213,)"
"('2022-03-22 12:10:04',)","(-24,)","(120,)","(232,)","('-96',)","('-31',)","(232,)"
"('2022-03-22 12:10:04',)","(-25,)","(120,)","(233,)","('-98',)","('-32',)","(233,)"
"('2022-03-22 12:10:03',)","(-26,)","(123,)","(232,)","('-97',)","('-31',)","(232,)"
"('2022-03-22 12:10:03',)","(-37,)","(113,)","(224,)","('-98',)","('-34',)","(224,)"
"('2022-03-22 12:10:03',)","(-33,)","(114,)","(226,)","('-97',)","('-33',)","(226,)"
"('2022-03-22 12:10:03',)","(-32,)","(104,)","(235,)","('-96',)","('-33',)","(235,)"
"('2022-03-22 12:10:03',)","(-34,)","(105,)","(236,)","('-97',)","('-33',)","(236,)"
"('2022-03-22 12:10:02',)","(-41,)","(95,)","(235,)","('-97',)","('-32',)","(235,)"
"('2022-03-22 12:10:02',)","(-36,)","(102,)","(230,)","('-97',)","('-33',)","(230,)"
"('2022-03-22 12:10:02',)","(-38,)","(104,)","(225,)","('-96',)","('-33',)","(225,)"
"('2022-03-22 12:10:02',)","(-26,)","(122,)","(234,)","('-98',)","('-32',)","(234,)"
"('2022-03-22 12:10:01',)","(-52,)","(85,)","(246,)","('-93',)","('-29',)","(246,)"
"('2022-03-22 12:10:01',)","(-63,)","(57,)","(245,)","('-97',)","('-33',)","(245,)"
"('2022-03-22 12:10:01',)","(-28,)","(130,)","(215,)","('-100',)","('-33',)","(215,)"
"('2022-03-22 12:10:01',)","(-48,)","(146,)","(219,)","('-96',)","('-31',)","(219,)"
"('2022-03-22 12:10:01',)","(-35,)","(89,)","(236,)","('-97',)","('-32',)","(236,)"
"('2022-03-22 12:10:00',)","(-34,)","(116,)","(225,)","('-97',)","('-32',)","(225,)"
"('2022-03-22 12:10:00',)","(-33,)","(113,)","(226,)","('-98',)","('-32',)","(226,)"
"('2022-03-22 12:10:00',)","(-33,)","(115,)","(229,)","('-97',)","('-33',)","(229,)"
"('2022-03-22 12:10:00',)","(-32,)","(56,)","(289,)","('-97',)","('-33',)","(289,)"
"('2022-03-22 12:10:00',)","(-49,)","(31,)","(235,)","('-110',)","('-33',)","(235,)"
"('2022-03-22 12:09:59',)","(-35,)","(112,)","(226,)","('-97',)","('-33',)","(226,)"
"('2022-03-22 12:09:59',)","(-34,)","(111,)","(225,)","('-97',)","('-33',)","(225,)"
"('2022-03-22 12:09:59',)","(-34,)","(115,)","(225,)","('-97',)","('-32',)","(225,)"
"('2022-03-22 12:09:59',)","(-34,)","(115,)","(224,)","('-97',)","('-32',)","(224,)"
"('2022-03-22 12:09:59',)","(-33,)","(114,)","(227,)","('-97',)","('-32',)","(227,)"
"('2022-03-22 12:09:58',)","(-34,)","(114,)","(223,)","('-98',)","('-31',)","(223,)"
"('2022-03-22 12:09:58',)","(-34,)","(114,)","(225,)","('-96',)","('-33',)","(225,)"
"('2022-03-22 12:09:58',)","(-34,)","(115,)","(225,)","('-97',)","('-32',)","(225,)"
"('2022-03-22 12:09:58',)","(-33,)","(115,)","(225,)","('-97',)","('-33',)","(225,)"
"('2022-03-22 12:09:58',)","(-35,)","(107,)","(227,)","('-98',)","('-32',)","(227,)"
"('2022-03-22 12:09:58',)","(-34,)","(108,)","(228,)","('-97',)","('-33',)","(228,)"
"('2022-03-22 12:09:57',)","(-38,)","(105,)","(228,)","('-97',)","('-32',)","(228,)"
"('2022-03-22 12:09:57',)","(-38,)","(106,)","(226,)","('-97',)","('-32',)","(226,)"
"('2022-03-22 12:09:57',)","(-37,)","(107,)","(227,)","('-97',)","('-32',)","(227,)"
"('2022-03-22 12:09:57',)","(-38,)","(108,)","(225,)","('-97',)","('-33',)","(225,)"
"('2022-03-22 12:09:57',)","(-38,)","(108,)","(225,)","('-96',)","('-32',)","(225,)"
"('2022-03-22 12:09:57',)","(-36,)","(109,)","(225,)","('-96',)","('-32',)","(225,)"
"('2022-03-22 12:09:57',)","(-36,)","(110,)","(227,)","('-97',)","('-33',)","(227,)"
"('2022-03-22 12:09:57',)","(-37,)","(111,)","(224,)","('-97',)","('-32',)","(224,)"
"('2022-03-22 12:09:57',)","(-36,)","(113,)","(226,)","('-97',)","('-33',)","(226,)"
"('2022-03-22 12:09:57',)","(-36,)","(112,)","(226,)","('-98',)","('-32',)","(226,)"
"('2022-03-22 12:09:57',)","(-37,)","(115,)","(227,)","('-97',)","('-32',)","(227,)"
"('2022-03-22 12:09:57',)","(-34,)","(113,)","(226,)","('-97',)","('-32',)","(226,)"
"('2022-03-22 12:09:57',)","(-11,)","(145,)","(211,)","('-98',)","('-32',)","(211,)"
"('2022-03-22 12:09:57',)","(-35,)","(117,)","(225,)","('-98',)","('-32',)","(225,)"
"('2022-03-22 12:09:57',)","(-33,)","(116,)","(225,)","('-97',)","('-33',)","(225,)"
"('2022-03-22 12:09:57',)","(-34,)","(116,)","(225,)","('-97',)","('-32',)","(225,)"
TIME,X,Y,Z,X2,Y2,Z2
"('2022-03-27 15:28:42',)","(145,)","(-160,)","(-95,)","('104',)","('-58',)","(-95,)"
"('2022-03-27 15:28:42',)","(144,)","(-160,)","(-97,)","('92',)","('-39',)","(-97,)"
"('2022-03-27 15:28:42',)","(144,)","(-160,)","(-95,)","('97',)","('-12',)","(-95,)"
"('2022-03-27 15:28:42',)","(145,)","(-159,)","(-95,)","('111',)","('-20',)","(-95,)"
"('2022-03-27 15:28:42',)","(145,)","(-160,)","(-97,)","('128',)","('-73',)","(-97,)"
"('2022-03-27 15:28:40',)","(5,)","(-41,)","(40,)","('190',)","('-278',)","(40,)"
"('2022-03-27 15:28:40',)","(273,)","(10,)","(-121,)","('170',)","('-202',)","(-121,)"
"('2022-03-27 15:28:40',)","(433,)","(15,)","(-186,)","('194',)","('-128',)","(-186,)"
"('2022-03-27 15:28:40',)","(390,)","(58,)","(-134,)","('255',)","('-147',)","(-134,)"
"('2022-03-27 15:28:40',)","(288,)","(49,)","(-130,)","('302',)","('-145',)","(-130,)"
"('2022-03-27 15:28:40',)","(132,)","(-118,)","(-90,)","('284',)","('-151',)","(-90,)"
"('2022-03-27 15:28:40',)","(39,)","(-309,)","(-83,)","('285',)","('-175',)","(-83,)"
"('2022-03-27 15:28:40',)","(147,)","(-277,)","(-115,)","('255',)","('-149',)","(-115,)"
"('2022-03-27 15:28:40',)","(302,)","(-12,)","(-104,)","('219',)","('-133',)","(-104,)"
"('2022-03-27 15:28:40',)","(307,)","(102,)","(-85,)","('202',)","('-23',)","(-85,)"
"('2022-03-27 15:28:40',)","(162,)","(-56,)","(-37,)","('176',)","('-63',)","(-37,)"
"('2022-03-27 15:28:40',)","(56,)","(-207,)","(-56,)","('262',)","('-408',)","(-56,)"
"('2022-03-27 15:28:40',)","(90,)","(-94,)","(-101,)","('313',)","('-512',)","(-101,)"
"('2022-03-27 15:28:40',)","(186,)","(36,)","(-236,)","('-127',)","('234',)","(-236,)"
"('2022-03-27 15:28:40',)","(304,)","(-49,)","(48,)","('-198',)","('39',)","(48,)"
"('2022-03-27 15:28:40',)","(238,)","(88,)","(-87,)","('-309',)","('135',)","(-87,)"
"('2022-03-27 15:28:40',)","(237,)","(107,)","(-94,)","('-139',)","('18',)","(-94,)"
"('2022-03-27 15:28:40',)","(194,)","(50,)","(-79,)","('88',)","('-37',)","(-79,)"
"('2022-03-27 15:28:40',)","(214,)","(33,)","(-92,)","('108',)","('-148',)","(-92,)"
"('2022-03-27 15:28:40',)","(318,)","(-84,)","(-126,)","('287',)","('-512',)","(-126,)"
"('2022-03-27 15:28:40',)","(355,)","(-110,)","(-136,)","('284',)","('-365',)","(-136,)"
"('2022-03-27 15:28:39',)","(231,)","(-38,)","(-93,)","('151',)","('-81',)","(-93,)"
"('2022-03-27 15:28:39',)","(294,)","(28,)","(-77,)","('179',)","('417',)","(-77,)"
"('2022-03-27 15:28:39',)","(225,)","(-23,)","(-175,)","('333',)","('387',)","(-175,)"
"('2022-03-27 15:28:39',)","(181,)","(49,)","(-151,)","('444',)","('100',)","(-151,)"
"('2022-03-27 15:28:39',)","(288,)","(14,)","(-144,)","('200',)","('-101',)","(-144,)"
"('2022-03-27 15:28:39',)","(281,)","(-43,)","(-109,)","('65',)","('-299',)","(-109,)"
"('2022-03-27 15:28:39',)","(298,)","(-21,)","(-122,)","('62',)","('-450',)","(-122,)"
"('2022-03-27 15:28:39',)","(247,)","(-13,)","(-78,)","('-199',)","('-35',)","(-78,)"
"('2022-03-27 15:28:37',)","(223,)","(-31,)","(-91,)","('105',)","('511',)","(-91,)"
"('2022-03-27 15:28:37',)","(224,)","(-31,)","(-90,)","('93',)","('-182',)","(-90,)"
"('2022-03-27 15:28:37',)","(224,)","(-30,)","(-90,)","('214',)","('-305',)","(-90,)"
"('2022-03-27 15:28:37',)","(223,)","(-30,)","(-89,)","('213',)","('-17',)","(-89,)"
"('2022-03-27 15:28:37',)","(224,)","(-30,)","(-91,)","('162',)","('106',)","(-91,)"
"('2022-03-27 15:28:37',)","(224,)","(-30,)","(-91,)","('123',)","('2',)","(-91,)"
"('2022-03-27 15:28:37',)","(226,)","(-29,)","(-90,)","('200',)","('-228',)","(-90,)"
"('2022-03-27 15:28:37',)","(223,)","(-29,)","(-90,)","('83',)","('-102',)","(-90,)"
"('2022-03-27 15:28:37',)","(223,)","(-31,)","(-89,)","('11',)","('225',)","(-89,)"
"('2022-03-27 15:28:37',)","(224,)","(-30,)","(-90,)","('221',)","('436',)","(-90,)"
"('2022-03-27 15:28:37',)","(224,)","(-27,)","(-89,)","('184',)","('148',)","(-89,)"
"('2022-03-27 15:28:37',)","(223,)","(-27,)","(-89,)","('193',)","('-175',)","(-89,)"
"('2022-03-27 15:28:37',)","(224,)","(-31,)","(-90,)","('-100',)","('-494',)","(-90,)"
"('2022-03-27 15:28:36',)","(223,)","(-30,)","(-90,)","('260',)","('77',)","(-90,)"
"('2022-03-27 15:28:36',)","(224,)","(-30,)","(-90,)","('321',)","('63',)","(-90,)"
"('2022-03-27 15:28:36',)","(223,)","(-31,)","(-90,)","('253',)","('76',)","(-90,)"
"('2022-03-27 15:28:36',)","(222,)","(-30,)","(-91,)","('269',)","('67',)","(-91,)"
"('2022-03-27 15:28:36',)","(224,)","(-30,)","(-89,)","('281',)","('62',)","(-89,)"
"('2022-03-27 15:28:36',)","(223,)","(-29,)","(-88,)","('271',)","('66',)","(-88,)"
"('2022-03-27 15:28:36',)","(223,)","(-31,)","(-90,)","('269',)","('66',)","(-90,)"
"('2022-03-27 15:28:36',)","(224,)","(-32,)","(-91,)","('270',)","('65',)","(-91,)"
"('2022-03-27 15:28:36',)","(224,)","(-30,)","(-90,)","('271',)","('66',)","(-90,)"
"('2022-03-27 15:28:36',)","(223,)","(-29,)","(-90,)","('271',)","('66',)","(-90,)"
"('2022-03-27 15:28:35',)","(224,)","(-29,)","(-89,)","('270',)","('69',)","(-89,)"
"('2022-03-27 15:28:35',)","(225,)","(-28,)","(-89,)","('270',)","('70',)","(-89,)"
"('2022-03-27 15:28:35',)","(224,)","(-28,)","(-87,)","('270',)","('71',)","(-87,)"
"('2022-03-27 15:28:35',)","(222,)","(-29,)","(-89,)","('279',)","('70',)","(-89,)"
"('2022-03-27 15:28:34',)","(224,)","(-31,)","(-90,)","('270',)","('70',)","(-90,)"
"('2022-03-27 15:28:34',)","(224,)","(-30,)","(-89,)","('270',)","('70',)","(-89,)"
"('2022-03-27 15:28:34',)","(224,)","(-32,)","(-89,)","('270',)","('70',)","(-89,)"
"('2022-03-27 15:28:34',)","(223,)","(-30,)","(-91,)","('270',)","('70',)","(-91,)"
"('2022-03-27 15:28:34',)","(223,)","(-31,)","(-90,)","('270',)","('70',)","(-90,)"
"('2022-03-27 15:28:34',)","(224,)","(-30,)","(-88,)","('269',)","('71',)","(-88,)"
"('2022-03-27 15:28:33',)","(223,)","(-30,)","(-89,)","('270',)","('70',)","(-89,)"
"('2022-03-27 15:28:33',)","(224,)","(-31,)","(-90,)","('269',)","('70',)","(-90,)"
"('2022-03-27 15:28:33',)","(223,)","(-30,)","(-90,)","('269',)","('71',)","(-90,)"
"('2022-03-27 15:28:33',)","(225,)","(-30,)","(-90,)","('269',)","('71',)","(-90,)"
"('2022-03-27 15:28:33',)","(223,)","(-30,)","(-89,)","('271',)","('70',)","(-89,)"
"('2022-03-27 15:28:33',)","(224,)","(-31,)","(-89,)","('270',)","('69',)","(-89,)"
"('2022-03-27 15:28:33',)","(223,)","(-30,)","(-89,)","('270',)","('71',)","(-89,)"
"('2022-03-27 15:28:33',)","(225,)","(-32,)","(-89,)","('271',)","('69',)","(-89,)"
"('2022-03-27 15:28:33',)","(223,)","(-30,)","(-89,)","('271',)","('69',)","(-89,)"
"('2022-03-27 15:28:33',)","(225,)","(-30,)","(-90,)","('270',)","('71',)","(-90,)"
"('2022-03-27 15:28:33',)","(223,)","(-30,)","(-90,)","('271',)","('70',)","(-90,)"
"('2022-03-27 15:28:33',)","(222,)","(-30,)","(-90,)","('271',)","('70',)","(-90,)"
"('2022-03-27 15:28:33',)","(223,)","(-31,)","(-90,)","('270',)","('71',)","(-90,)"
"('2022-03-27 15:28:33',)","(224,)","(-30,)","(-91,)","('269',)","('70',)","(-91,)"
"('2022-03-27 15:28:33',)","(223,)","(-31,)","(-89,)","('270',)","('69',)","(-89,)"
"('2022-03-27 15:28:33',)","(223,)","(-30,)","(-90,)","('270',)","('71',)","(-90,)"
"('2022-03-27 15:28:33',)","(223,)","(-29,)","(-90,)","('270',)","('69',)","(-90,)"
"('2022-03-27 15:28:33',)","(224,)","(-31,)","(-90,)","('271',)","('71',)","(-90,)"
"('2022-03-27 15:28:33',)","(224,)","(-30,)","(-90,)","('269',)","('71',)","(-90,)"
"('2022-03-27 15:28:32',)","(225,)","(-30,)","(-90,)","('270',)","('71',)","(-90,)"
"('2022-03-27 15:28:32',)","(224,)","(-30,)","(-89,)","('271',)","('69',)","(-89,)"
"('2022-03-27 15:28:32',)","(223,)","(-29,)","(-90,)","('270',)","('70',)","(-90,)"
"('2022-03-27 15:28:32',)","(225,)","(-32,)","(-90,)","('271',)","('71',)","(-90,)"
"('2022-03-27 15:28:32',)","(225,)","(-30,)","(-90,)","('270',)","('69',)","(-90,)"
"('2022-03-27 15:28:32',)","(223,)","(-31,)","(-90,)","('271',)","('70',)","(-90,)"
"('2022-03-27 15:28:32',)","(224,)","(-31,)","(-91,)","('270',)","('70',)","(-91,)"
"('2022-03-27 15:28:32',)","(223,)","(-30,)","(-90,)","('270',)","('69',)","(-90,)"
"('2022-03-27 15:28:32',)","(223,)","(-30,)","(-89,)","('269',)","('70',)","(-89,)"
"('2022-03-27 15:28:32',)","(225,)","(-31,)","(-89,)","('270',)","('70',)","(-89,)"
"('2022-03-27 15:28:32',)","(223,)","(-31,)","(-90,)","('271',)","('69',)","(-90,)"
"('2022-03-27 15:28:30',)","(223,)","(-30,)","(-90,)","('270',)","('71',)","(-90,)"
"('2022-03-22 12:10:16',)","(-30,)","(112,)","(227,)","('-98',)","('-32',)","(227,)"
"('2022-03-22 12:10:16',)","(-32,)","(112,)","(226,)","('-97',)","('-32',)","(226,)"
"('2022-03-22 12:10:15',)","(-33,)","(111,)","(230,)","('-98',)","('-30',)","(230,)"
"('2022-03-22 12:10:15',)","(-30,)","(109,)","(228,)","('-98',)","('-31',)","(228,)"
"('2022-03-22 12:10:15',)","(-32,)","(111,)","(225,)","('-98',)","('-32',)","(225,)"
"('2022-03-22 12:10:15',)","(-31,)","(110,)","(228,)","('-98',)","('-32',)","(228,)"
"('2022-03-22 12:10:14',)","(-34,)","(114,)","(226,)","('-97',)","('-31',)","(226,)"
"('2022-03-22 12:10:14',)","(-33,)","(113,)","(226,)","('-97',)","('-31',)","(226,)"
"('2022-03-22 12:10:14',)","(-33,)","(112,)","(226,)","('-97',)","('-30',)","(226,)"
"('2022-03-22 12:10:14',)","(-32,)","(112,)","(228,)","('-96',)","('-31',)","(228,)"
"('2022-03-22 12:10:13',)","(-35,)","(108,)","(229,)","('-97',)","('-32',)","(229,)"
"('2022-03-22 12:10:13',)","(-35,)","(108,)","(228,)","('-97',)","('-32',)","(228,)"
"('2022-03-22 12:10:13',)","(-34,)","(112,)","(227,)","('-97',)","('-32',)","(227,)"
"('2022-03-22 12:10:13',)","(-33,)","(112,)","(227,)","('-98',)","('-32',)","(227,)"
"('2022-03-22 12:10:12',)","(-32,)","(114,)","(227,)","('-98',)","('-31',)","(227,)"
"('2022-03-22 12:10:12',)","(-33,)","(114,)","(225,)","('-97',)","('-31',)","(225,)"
"('2022-03-22 12:10:12',)","(-32,)","(112,)","(227,)","('-96',)","('-33',)","(227,)"
"('2022-03-22 12:10:12',)","(-33,)","(114,)","(227,)","('-97',)","('-32',)","(227,)"
"('2022-03-22 12:10:11',)","(-32,)","(107,)","(228,)","('-96',)","('-33',)","(228,)"
"('2022-03-22 12:10:11',)","(-34,)","(107,)","(227,)","('-97',)","('-32',)","(227,)"
"('2022-03-22 12:10:11',)","(-34,)","(111,)","(228,)","('-97',)","('-32',)","(228,)"
"('2022-03-22 12:10:11',)","(-33,)","(111,)","(227,)","('-97',)","('-31',)","(227,)"
"('2022-03-22 12:10:10',)","(-32,)","(111,)","(228,)","('-98',)","('-32',)","(228,)"
"('2022-03-22 12:10:10',)","(-35,)","(112,)","(227,)","('-96',)","('-32',)","(227,)"
"('2022-03-22 12:10:10',)","(-33,)","(110,)","(225,)","('-97',)","('-31',)","(225,)"
"('2022-03-22 12:10:10',)","(-34,)","(112,)","(226,)","('-97',)","('-32',)","(226,)"
"('2022-03-22 12:10:10',)","(-30,)","(113,)","(228,)","('-96',)","('-33',)","(228,)"
"('2022-03-22 12:10:10',)","(-33,)","(112,)","(227,)","('-98',)","('-32',)","(227,)"
"('2022-03-22 12:10:09',)","(-32,)","(110,)","(225,)","('-97',)","('-31',)","(225,)"
"('2022-03-22 12:10:09',)","(-34,)","(112,)","(226,)","('-97',)","('-31',)","(226,)"
"('2022-03-22 12:10:09',)","(-38,)","(112,)","(226,)","('-97',)","('-31',)","(226,)"
"('2022-03-22 12:10:09',)","(-36,)","(111,)","(226,)","('-97',)","('-32',)","(226,)"
"('2022-03-22 12:10:09',)","(-31,)","(112,)","(232,)","('-98',)","('-32',)","(232,)"
"('2022-03-22 12:10:09',)","(-33,)","(112,)","(231,)","('-97',)","('-32',)","(231,)"
"('2022-03-22 12:10:08',)","(-29,)","(113,)","(234,)","('-97',)","('-32',)","(234,)"
"('2022-03-22 12:10:08',)","(-34,)","(110,)","(230,)","('-97',)","('-31',)","(230,)"
"('2022-03-22 12:10:08',)","(-36,)","(111,)","(230,)","('-97',)","('-33',)","(230,)"
"('2022-03-22 12:10:08',)","(-35,)","(113,)","(226,)","('-97',)","('-32',)","(226,)"
"('2022-03-22 12:10:08',)","(-30,)","(111,)","(225,)","('-97',)","('-32',)","(225,)"
"('2022-03-22 12:10:08',)","(-34,)","(111,)","(225,)","('-97',)","('-31',)","(225,)"
"('2022-03-22 12:10:08',)","(-32,)","(112,)","(226,)","('-96',)","('-31',)","(226,)"
"('2022-03-22 12:10:08',)","(-32,)","(113,)","(225,)","('-97',)","('-31',)","(225,)"
TIME,X,Y,Z,X2,Y2,Z2
"('2022-03-27 15:28:42',)","(145,)","(-160,)","(-95,)","('104',)","('-58',)","(-95,)"
"('2022-03-27 15:28:42',)","(144,)","(-160,)","(-97,)","('92',)","('-39',)","(-97,)"
"('2022-03-27 15:28:42',)","(144,)","(-160,)","(-95,)","('97',)","('-12',)","(-95,)"
"('2022-03-27 15:28:42',)","(145,)","(-159,)","(-95,)","('111',)","('-20',)","(-95,)"
"('2022-03-27 15:28:42',)","(145,)","(-160,)","(-97,)","('128',)","('-73',)","(-97,)"
"('2022-03-27 15:28:40',)","(5,)","(-41,)","(40,)","('190',)","('-278',)","(40,)"
"('2022-03-27 15:28:40',)","(273,)","(10,)","(-121,)","('170',)","('-202',)","(-121,)"
"('2022-03-27 15:28:40',)","(433,)","(15,)","(-186,)","('194',)","('-128',)","(-186,)"
"('2022-03-27 15:28:40',)","(390,)","(58,)","(-134,)","('255',)","('-147',)","(-134,)"
"('2022-03-27 15:28:40',)","(288,)","(49,)","(-130,)","('302',)","('-145',)","(-130,)"
"('2022-03-27 15:28:40',)","(132,)","(-118,)","(-90,)","('284',)","('-151',)","(-90,)"
"('2022-03-27 15:28:40',)","(39,)","(-309,)","(-83,)","('285',)","('-175',)","(-83,)"
"('2022-03-27 15:28:40',)","(147,)","(-277,)","(-115,)","('255',)","('-149',)","(-115,)"
"('2022-03-27 15:28:40',)","(302,)","(-12,)","(-104,)","('219',)","('-133',)","(-104,)"
"('2022-03-27 15:28:40',)","(307,)","(102,)","(-85,)","('202',)","('-23',)","(-85,)"
"('2022-03-27 15:28:40',)","(162,)","(-56,)","(-37,)","('176',)","('-63',)","(-37,)"
"('2022-03-27 15:28:40',)","(56,)","(-207,)","(-56,)","('262',)","('-408',)","(-56,)"
"('2022-03-27 15:28:40',)","(90,)","(-94,)","(-101,)","('313',)","('-512',)","(-101,)"
"('2022-03-27 15:28:40',)","(186,)","(36,)","(-236,)","('-127',)","('234',)","(-236,)"
"('2022-03-27 15:28:40',)","(304,)","(-49,)","(48,)","('-198',)","('39',)","(48,)"
"('2022-03-27 15:28:40',)","(238,)","(88,)","(-87,)","('-309',)","('135',)","(-87,)"
"('2022-03-27 15:28:40',)","(237,)","(107,)","(-94,)","('-139',)","('18',)","(-94,)"
"('2022-03-27 15:28:40',)","(194,)","(50,)","(-79,)","('88',)","('-37',)","(-79,)"
"('2022-03-27 15:28:40',)","(214,)","(33,)","(-92,)","('108',)","('-148',)","(-92,)"
"('2022-03-27 15:28:40',)","(318,)","(-84,)","(-126,)","('287',)","('-512',)","(-126,)"
"('2022-03-27 15:28:40',)","(355,)","(-110,)","(-136,)","('284',)","('-365',)","(-136,)"
"('2022-03-27 15:28:39',)","(231,)","(-38,)","(-93,)","('151',)","('-81',)","(-93,)"
"('2022-03-27 15:28:39',)","(294,)","(28,)","(-77,)","('179',)","('417',)","(-77,)"
"('2022-03-27 15:28:39',)","(225,)","(-23,)","(-175,)","('333',)","('387',)","(-175,)"
"('2022-03-27 15:28:39',)","(181,)","(49,)","(-151,)","('444',)","('100',)","(-151,)"
"('2022-03-27 15:28:39',)","(288,)","(14,)","(-144,)","('200',)","('-101',)","(-144,)"
"('2022-03-27 15:28:39',)","(281,)","(-43,)","(-109,)","('65',)","('-299',)","(-109,)"
"('2022-03-27 15:28:39',)","(298,)","(-21,)","(-122,)","('62',)","('-450',)","(-122,)"
"('2022-03-27 15:28:39',)","(247,)","(-13,)","(-78,)","('-199',)","('-35',)","(-78,)"
"('2022-03-27 15:28:37',)","(223,)","(-31,)","(-91,)","('105',)","('511',)","(-91,)"
"('2022-03-27 15:28:37',)","(224,)","(-31,)","(-90,)","('93',)","('-182',)","(-90,)"
"('2022-03-27 15:28:37',)","(224,)","(-30,)","(-90,)","('214',)","('-305',)","(-90,)"
"('2022-03-27 15:28:37',)","(223,)","(-30,)","(-89,)","('213',)","('-17',)","(-89,)"
"('2022-03-27 15:28:37',)","(224,)","(-30,)","(-91,)","('162',)","('106',)","(-91,)"
"('2022-03-27 15:28:37',)","(224,)","(-30,)","(-91,)","('123',)","('2',)","(-91,)"
"('2022-03-27 15:28:37',)","(226,)","(-29,)","(-90,)","('200',)","('-228',)","(-90,)"
"('2022-03-27 15:28:37',)","(223,)","(-29,)","(-90,)","('83',)","('-102',)","(-90,)"
"('2022-03-27 15:28:37',)","(223,)","(-31,)","(-89,)","('11',)","('225',)","(-89,)"
"('2022-03-27 15:28:37',)","(224,)","(-30,)","(-90,)","('221',)","('436',)","(-90,)"
"('2022-03-27 15:28:37',)","(224,)","(-27,)","(-89,)","('184',)","('148',)","(-89,)"
"('2022-03-27 15:28:37',)","(223,)","(-27,)","(-89,)","('193',)","('-175',)","(-89,)"
"('2022-03-27 15:28:37',)","(224,)","(-31,)","(-90,)","('-100',)","('-494',)","(-90,)"
"('2022-03-27 15:28:36',)","(223,)","(-30,)","(-90,)","('260',)","('77',)","(-90,)"
"('2022-03-27 15:28:36',)","(224,)","(-30,)","(-90,)","('321',)","('63',)","(-90,)"
"('2022-03-27 15:28:36',)","(223,)","(-31,)","(-90,)","('253',)","('76',)","(-90,)"
"('2022-03-27 15:28:36',)","(222,)","(-30,)","(-91,)","('269',)","('67',)","(-91,)"
"('2022-03-27 15:28:36',)","(224,)","(-30,)","(-89,)","('281',)","('62',)","(-89,)"
"('2022-03-27 15:28:36',)","(223,)","(-29,)","(-88,)","('271',)","('66',)","(-88,)"
"('2022-03-27 15:28:36',)","(223,)","(-31,)","(-90,)","('269',)","('66',)","(-90,)"
"('2022-03-27 15:28:36',)","(224,)","(-32,)","(-91,)","('270',)","('65',)","(-91,)"
"('2022-03-27 15:28:36',)","(224,)","(-30,)","(-90,)","('271',)","('66',)","(-90,)"
"('2022-03-27 15:28:36',)","(223,)","(-29,)","(-90,)","('271',)","('66',)","(-90,)"
"('2022-03-27 15:28:35',)","(224,)","(-29,)","(-89,)","('270',)","('69',)","(-89,)"
"('2022-03-27 15:28:35',)","(225,)","(-28,)","(-89,)","('270',)","('70',)","(-89,)"
"('2022-03-27 15:28:35',)","(224,)","(-28,)","(-87,)","('270',)","('71',)","(-87,)"
"('2022-03-27 15:28:35',)","(222,)","(-29,)","(-89,)","('279',)","('70',)","(-89,)"
"('2022-03-27 15:28:34',)","(224,)","(-31,)","(-90,)","('270',)","('70',)","(-90,)"
"('2022-03-27 15:28:34',)","(224,)","(-30,)","(-89,)","('270',)","('70',)","(-89,)"
"('2022-03-27 15:28:34',)","(224,)","(-32,)","(-89,)","('270',)","('70',)","(-89,)"
"('2022-03-27 15:28:34',)","(223,)","(-30,)","(-91,)","('270',)","('70',)","(-91,)"
"('2022-03-27 15:28:34',)","(223,)","(-31,)","(-90,)","('270',)","('70',)","(-90,)"
"('2022-03-27 15:28:34',)","(224,)","(-30,)","(-88,)","('269',)","('71',)","(-88,)"
"('2022-03-27 15:28:33',)","(223,)","(-30,)","(-89,)","('270',)","('70',)","(-89,)"
"('2022-03-27 15:28:33',)","(224,)","(-31,)","(-90,)","('269',)","('70',)","(-90,)"
"('2022-03-27 15:28:33',)","(223,)","(-30,)","(-90,)","('269',)","('71',)","(-90,)"
"('2022-03-27 15:28:33',)","(225,)","(-30,)","(-90,)","('269',)","('71',)","(-90,)"
"('2022-03-27 15:28:33',)","(223,)","(-30,)","(-89,)","('271',)","('70',)","(-89,)"
"('2022-03-27 15:28:33',)","(224,)","(-31,)","(-89,)","('270',)","('69',)","(-89,)"
"('2022-03-27 15:28:33',)","(223,)","(-30,)","(-89,)","('270',)","('71',)","(-89,)"
"('2022-03-27 15:28:33',)","(225,)","(-32,)","(-89,)","('271',)","('69',)","(-89,)"
"('2022-03-27 15:28:33',)","(223,)","(-30,)","(-89,)","('271',)","('69',)","(-89,)"
"('2022-03-27 15:28:33',)","(225,)","(-30,)","(-90,)","('270',)","('71',)","(-90,)"
"('2022-03-27 15:28:33',)","(223,)","(-30,)","(-90,)","('271',)","('70',)","(-90,)"
"('2022-03-27 15:28:33',)","(222,)","(-30,)","(-90,)","('271',)","('70',)","(-90,)"
"('2022-03-27 15:28:33',)","(223,)","(-31,)","(-90,)","('270',)","('71',)","(-90,)"
"('2022-03-27 15:28:33',)","(224,)","(-30,)","(-91,)","('269',)","('70',)","(-91,)"
"('2022-03-27 15:28:33',)","(223,)","(-31,)","(-89,)","('270',)","('69',)","(-89,)"
"('2022-03-27 15:28:33',)","(223,)","(-30,)","(-90,)","('270',)","('71',)","(-90,)"
"('2022-03-27 15:28:33',)","(223,)","(-29,)","(-90,)","('270',)","('69',)","(-90,)"
"('2022-03-27 15:28:33',)","(224,)","(-31,)","(-90,)","('271',)","('71',)","(-90,)"
"('2022-03-27 15:28:33',)","(224,)","(-30,)","(-90,)","('269',)","('71',)","(-90,)"
"('2022-03-27 15:28:32',)","(225,)","(-30,)","(-90,)","('270',)","('71',)","(-90,)"
"('2022-03-27 15:28:32',)","(224,)","(-30,)","(-89,)","('271',)","('69',)","(-89,)"
"('2022-03-27 15:28:32',)","(223,)","(-29,)","(-90,)","('270',)","('70',)","(-90,)"
"('2022-03-27 15:28:32',)","(225,)","(-32,)","(-90,)","('271',)","('71',)","(-90,)"
"('2022-03-27 15:28:32',)","(225,)","(-30,)","(-90,)","('270',)","('69',)","(-90,)"
"('2022-03-27 15:28:32',)","(223,)","(-31,)","(-90,)","('271',)","('70',)","(-90,)"
"('2022-03-27 15:28:32',)","(224,)","(-31,)","(-91,)","('270',)","('70',)","(-91,)"
"('2022-03-27 15:28:32',)","(223,)","(-30,)","(-90,)","('270',)","('69',)","(-90,)"
"('2022-03-27 15:28:32',)","(223,)","(-30,)","(-89,)","('269',)","('70',)","(-89,)"
"('2022-03-27 15:28:32',)","(225,)","(-31,)","(-89,)","('270',)","('70',)","(-89,)"
"('2022-03-27 15:28:32',)","(223,)","(-31,)","(-90,)","('271',)","('69',)","(-90,)"
"('2022-03-27 15:28:30',)","(223,)","(-30,)","(-90,)","('270',)","('71',)","(-90,)"
"('2022-03-22 12:10:16',)","(-30,)","(112,)","(227,)","('-98',)","('-32',)","(227,)"
"('2022-03-22 12:10:16',)","(-32,)","(112,)","(226,)","('-97',)","('-32',)","(226,)"
"('2022-03-22 12:10:15',)","(-33,)","(111,)","(230,)","('-98',)","('-30',)","(230,)"
"('2022-03-22 12:10:15',)","(-30,)","(109,)","(228,)","('-98',)","('-31',)","(228,)"
"('2022-03-22 12:10:15',)","(-32,)","(111,)","(225,)","('-98',)","('-32',)","(225,)"
"('2022-03-22 12:10:15',)","(-31,)","(110,)","(228,)","('-98',)","('-32',)","(228,)"
"('2022-03-22 12:10:14',)","(-34,)","(114,)","(226,)","('-97',)","('-31',)","(226,)"
"('2022-03-22 12:10:14',)","(-33,)","(113,)","(226,)","('-97',)","('-31',)","(226,)"
"('2022-03-22 12:10:14',)","(-33,)","(112,)","(226,)","('-97',)","('-30',)","(226,)"
"('2022-03-22 12:10:14',)","(-32,)","(112,)","(228,)","('-96',)","('-31',)","(228,)"
"('2022-03-22 12:10:13',)","(-35,)","(108,)","(229,)","('-97',)","('-32',)","(229,)"
"('2022-03-22 12:10:13',)","(-35,)","(108,)","(228,)","('-97',)","('-32',)","(228,)"
"('2022-03-22 12:10:13',)","(-34,)","(112,)","(227,)","('-97',)","('-32',)","(227,)"
"('2022-03-22 12:10:13',)","(-33,)","(112,)","(227,)","('-98',)","('-32',)","(227,)"
"('2022-03-22 12:10:12',)","(-32,)","(114,)","(227,)","('-98',)","('-31',)","(227,)"
"('2022-03-22 12:10:12',)","(-33,)","(114,)","(225,)","('-97',)","('-31',)","(225,)"
"('2022-03-22 12:10:12',)","(-32,)","(112,)","(227,)","('-96',)","('-33',)","(227,)"
"('2022-03-22 12:10:12',)","(-33,)","(114,)","(227,)","('-97',)","('-32',)","(227,)"
"('2022-03-22 12:10:11',)","(-32,)","(107,)","(228,)","('-96',)","('-33',)","(228,)"
"('2022-03-22 12:10:11',)","(-34,)","(107,)","(227,)","('-97',)","('-32',)","(227,)"
"('2022-03-22 12:10:11',)","(-34,)","(111,)","(228,)","('-97',)","('-32',)","(228,)"
"('2022-03-22 12:10:11',)","(-33,)","(111,)","(227,)","('-97',)","('-31',)","(227,)"
"('2022-03-22 12:10:10',)","(-32,)","(111,)","(228,)","('-98',)","('-32',)","(228,)"
"('2022-03-22 12:10:10',)","(-35,)","(112,)","(227,)","('-96',)","('-32',)","(227,)"
"('2022-03-22 12:10:10',)","(-33,)","(110,)","(225,)","('-97',)","('-31',)","(225,)"
"('2022-03-22 12:10:10',)","(-34,)","(112,)","(226,)","('-97',)","('-32',)","(226,)"
"('2022-03-22 12:10:10',)","(-30,)","(113,)","(228,)","('-96',)","('-33',)","(228,)"
"('2022-03-22 12:10:10',)","(-33,)","(112,)","(227,)","('-98',)","('-32',)","(227,)"
"('2022-03-22 12:10:09',)","(-32,)","(110,)","(225,)","('-97',)","('-31',)","(225,)"
"('2022-03-22 12:10:09',)","(-34,)","(112,)","(226,)","('-97',)","('-31',)","(226,)"
"('2022-03-22 12:10:09',)","(-38,)","(112,)","(226,)","('-97',)","('-31',)","(226,)"
"('2022-03-22 12:10:09',)","(-36,)","(111,)","(226,)","('-97',)","('-32',)","(226,)"
"('2022-03-22 12:10:09',)","(-31,)","(112,)","(232,)","('-98',)","('-32',)","(232,)"
"('2022-03-22 12:10:09',)","(-33,)","(112,)","(231,)","('-97',)","('-32',)","(231,)"
"('2022-03-22 12:10:08',)","(-29,)","(113,)","(234,)","('-97',)","('-32',)","(234,)"
"('2022-03-22 12:10:08',)","(-34,)","(110,)","(230,)","('-97',)","('-31',)","(230,)"
"('2022-03-22 12:10:08',)","(-36,)","(111,)","(230,)","('-97',)","('-33',)","(230,)"
"('2022-03-22 12:10:08',)","(-35,)","(113,)","(226,)","('-97',)","('-32',)","(226,)"
"('2022-03-22 12:10:08',)","(-30,)","(111,)","(225,)","('-97',)","('-32',)","(225,)"
"('2022-03-22 12:10:08',)","(-34,)","(111,)","(225,)","('-97',)","('-31',)","(225,)"
"('2022-03-22 12:10:08',)","(-32,)","(112,)","(226,)","('-96',)","('-31',)","(226,)"
"('2022-03-22 12:10:08',)","(-32,)","(113,)","(225,)","('-97',)","('-31',)","(225,)"
TIME,X,Y,Z,X2,Y2,Z2
"('2022-03-27 15:28:42',)","(145,)","(-160,)","(-95,)","('104',)","('-58',)","(-95,)"
"('2022-03-27 15:28:42',)","(144,)","(-160,)","(-97,)","('92',)","('-39',)","(-97,)"
"('2022-03-27 15:28:42',)","(144,)","(-160,)","(-95,)","('97',)","('-12',)","(-95,)"
"('2022-03-27 15:28:42',)","(145,)","(-159,)","(-95,)","('111',)","('-20',)","(-95,)"
"('2022-03-27 15:28:42',)","(145,)","(-160,)","(-97,)","('128',)","('-73',)","(-97,)"
"('2022-03-27 15:28:40',)","(5,)","(-41,)","(40,)","('190',)","('-278',)","(40,)"
"('2022-03-27 15:28:40',)","(273,)","(10,)","(-121,)","('170',)","('-202',)","(-121,)"
"('2022-03-27 15:28:40',)","(433,)","(15,)","(-186,)","('194',)","('-128',)","(-186,)"
"('2022-03-27 15:28:40',)","(390,)","(58,)","(-134,)","('255',)","('-147',)","(-134,)"
"('2022-03-27 15:28:40',)","(288,)","(49,)","(-130,)","('302',)","('-145',)","(-130,)"
"('2022-03-27 15:28:40',)","(132,)","(-118,)","(-90,)","('284',)","('-151',)","(-90,)"
"('2022-03-27 15:28:40',)","(39,)","(-309,)","(-83,)","('285',)","('-175',)","(-83,)"
"('2022-03-27 15:28:40',)","(147,)","(-277,)","(-115,)","('255',)","('-149',)","(-115,)"
"('2022-03-27 15:28:40',)","(302,)","(-12,)","(-104,)","('219',)","('-133',)","(-104,)"
"('2022-03-27 15:28:40',)","(307,)","(102,)","(-85,)","('202',)","('-23',)","(-85,)"
"('2022-03-27 15:28:40',)","(162,)","(-56,)","(-37,)","('176',)","('-63',)","(-37,)"
"('2022-03-27 15:28:40',)","(56,)","(-207,)","(-56,)","('262',)","('-408',)","(-56,)"
"('2022-03-27 15:28:40',)","(90,)","(-94,)","(-101,)","('313',)","('-512',)","(-101,)"
"('2022-03-27 15:28:40',)","(186,)","(36,)","(-236,)","('-127',)","('234',)","(-236,)"
"('2022-03-27 15:28:40',)","(304,)","(-49,)","(48,)","('-198',)","('39',)","(48,)"
"('2022-03-27 15:28:40',)","(238,)","(88,)","(-87,)","('-309',)","('135',)","(-87,)"
"('2022-03-27 15:28:40',)","(237,)","(107,)","(-94,)","('-139',)","('18',)","(-94,)"
"('2022-03-27 15:28:40',)","(194,)","(50,)","(-79,)","('88',)","('-37',)","(-79,)"
"('2022-03-27 15:28:40',)","(214,)","(33,)","(-92,)","('108',)","('-148',)","(-92,)"
"('2022-03-27 15:28:40',)","(318,)","(-84,)","(-126,)","('287',)","('-512',)","(-126,)"
"('2022-03-27 15:28:40',)","(355,)","(-110,)","(-136,)","('284',)","('-365',)","(-136,)"
"('2022-03-27 15:28:39',)","(231,)","(-38,)","(-93,)","('151',)","('-81',)","(-93,)"
"('2022-03-27 15:28:39',)","(294,)","(28,)","(-77,)","('179',)","('417',)","(-77,)"
"('2022-03-27 15:28:39',)","(225,)","(-23,)","(-175,)","('333',)","('387',)","(-175,)"
"('2022-03-27 15:28:39',)","(181,)","(49,)","(-151,)","('444',)","('100',)","(-151,)"
"('2022-03-27 15:28:39',)","(288,)","(14,)","(-144,)","('200',)","('-101',)","(-144,)"
"('2022-03-27 15:28:39',)","(281,)","(-43,)","(-109,)","('65',)","('-299',)","(-109,)"
"('2022-03-27 15:28:39',)","(298,)","(-21,)","(-122,)","('62',)","('-450',)","(-122,)"
"('2022-03-27 15:28:39',)","(247,)","(-13,)","(-78,)","('-199',)","('-35',)","(-78,)"
"('2022-03-27 15:28:37',)","(223,)","(-31,)","(-91,)","('105',)","('511',)","(-91,)"
"('2022-03-27 15:28:37',)","(224,)","(-31,)","(-90,)","('93',)","('-182',)","(-90,)"
"('2022-03-27 15:28:37',)","(224,)","(-30,)","(-90,)","('214',)","('-305',)","(-90,)"
"('2022-03-27 15:28:37',)","(223,)","(-30,)","(-89,)","('213',)","('-17',)","(-89,)"
"('2022-03-27 15:28:37',)","(224,)","(-30,)","(-91,)","('162',)","('106',)","(-91,)"
"('2022-03-27 15:28:37',)","(224,)","(-30,)","(-91,)","('123',)","('2',)","(-91,)"
"('2022-03-27 15:28:37',)","(226,)","(-29,)","(-90,)","('200',)","('-228',)","(-90,)"
"('2022-03-27 15:28:37',)","(223,)","(-29,)","(-90,)","('83',)","('-102',)","(-90,)"
"('2022-03-27 15:28:37',)","(223,)","(-31,)","(-89,)","('11',)","('225',)","(-89,)"
"('2022-03-27 15:28:37',)","(224,)","(-30,)","(-90,)","('221',)","('436',)","(-90,)"
"('2022-03-27 15:28:37',)","(224,)","(-27,)","(-89,)","('184',)","('148',)","(-89,)"
"('2022-03-27 15:28:37',)","(223,)","(-27,)","(-89,)","('193',)","('-175',)","(-89,)"
"('2022-03-27 15:28:37',)","(224,)","(-31,)","(-90,)","('-100',)","('-494',)","(-90,)"
"('2022-03-27 15:28:36',)","(223,)","(-30,)","(-90,)","('260',)","('77',)","(-90,)"
"('2022-03-27 15:28:36',)","(224,)","(-30,)","(-90,)","('321',)","('63',)","(-90,)"
"('2022-03-27 15:28:36',)","(223,)","(-31,)","(-90,)","('253',)","('76',)","(-90,)"
"('2022-03-27 15:28:36',)","(222,)","(-30,)","(-91,)","('269',)","('67',)","(-91,)"
"('2022-03-27 15:28:36',)","(224,)","(-30,)","(-89,)","('281',)","('62',)","(-89,)"
"('2022-03-27 15:28:36',)","(223,)","(-29,)","(-88,)","('271',)","('66',)","(-88,)"
"('2022-03-27 15:28:36',)","(223,)","(-31,)","(-90,)","('269',)","('66',)","(-90,)"
"('2022-03-27 15:28:36',)","(224,)","(-32,)","(-91,)","('270',)","('65',)","(-91,)"
"('2022-03-27 15:28:36',)","(224,)","(-30,)","(-90,)","('271',)","('66',)","(-90,)"
"('2022-03-27 15:28:36',)","(223,)","(-29,)","(-90,)","('271',)","('66',)","(-90,)"
"('2022-03-27 15:28:35',)","(224,)","(-29,)","(-89,)","('270',)","('69',)","(-89,)"
"('2022-03-27 15:28:35',)","(225,)","(-28,)","(-89,)","('270',)","('70',)","(-89,)"
"('2022-03-27 15:28:35',)","(224,)","(-28,)","(-87,)","('270',)","('71',)","(-87,)"
"('2022-03-27 15:28:35',)","(222,)","(-29,)","(-89,)","('279',)","('70',)","(-89,)"
"('2022-03-27 15:28:34',)","(224,)","(-31,)","(-90,)","('270',)","('70',)","(-90,)"
"('2022-03-27 15:28:34',)","(224,)","(-30,)","(-89,)","('270',)","('70',)","(-89,)"
"('2022-03-27 15:28:34',)","(224,)","(-32,)","(-89,)","('270',)","('70',)","(-89,)"
"('2022-03-27 15:28:34',)","(223,)","(-30,)","(-91,)","('270',)","('70',)","(-91,)"
"('2022-03-27 15:28:34',)","(223,)","(-31,)","(-90,)","('270',)","('70',)","(-90,)"
"('2022-03-27 15:28:34',)","(224,)","(-30,)","(-88,)","('269',)","('71',)","(-88,)"
"('2022-03-27 15:28:33',)","(223,)","(-30,)","(-89,)","('270',)","('70',)","(-89,)"
"('2022-03-27 15:28:33',)","(224,)","(-31,)","(-90,)","('269',)","('70',)","(-90,)"
"('2022-03-27 15:28:33',)","(223,)","(-30,)","(-90,)","('269',)","('71',)","(-90,)"
"('2022-03-27 15:28:33',)","(225,)","(-30,)","(-90,)","('269',)","('71',)","(-90,)"
"('2022-03-27 15:28:33',)","(223,)","(-30,)","(-89,)","('271',)","('70',)","(-89,)"
"('2022-03-27 15:28:33',)","(224,)","(-31,)","(-89,)","('270',)","('69',)","(-89,)"
"('2022-03-27 15:28:33',)","(223,)","(-30,)","(-89,)","('270',)","('71',)","(-89,)"
"('2022-03-27 15:28:33',)","(225,)","(-32,)","(-89,)","('271',)","('69',)","(-89,)"
"('2022-03-27 15:28:33',)","(223,)","(-30,)","(-89,)","('271',)","('69',)","(-89,)"
"('2022-03-27 15:28:33',)","(225,)","(-30,)","(-90,)","('270',)","('71',)","(-90,)"
"('2022-03-27 15:28:33',)","(223,)","(-30,)","(-90,)","('271',)","('70',)","(-90,)"
"('2022-03-27 15:28:33',)","(222,)","(-30,)","(-90,)","('271',)","('70',)","(-90,)"
"('2022-03-27 15:28:33',)","(223,)","(-31,)","(-90,)","('270',)","('71',)","(-90,)"
"('2022-03-27 15:28:33',)","(224,)","(-30,)","(-91,)","('269',)","('70',)","(-91,)"
"('2022-03-27 15:28:33',)","(223,)","(-31,)","(-89,)","('270',)","('69',)","(-89,)"
"('2022-03-27 15:28:33',)","(223,)","(-30,)","(-90,)","('270',)","('71',)","(-90,)"
"('2022-03-27 15:28:33',)","(223,)","(-29,)","(-90,)","('270',)","('69',)","(-90,)"
"('2022-03-27 15:28:33',)","(224,)","(-31,)","(-90,)","('271',)","('71',)","(-90,)"
"('2022-03-27 15:28:33',)","(224,)","(-30,)","(-90,)","('269',)","('71',)","(-90,)"
"('2022-03-27 15:28:32',)","(225,)","(-30,)","(-90,)","('270',)","('71',)","(-90,)"
"('2022-03-27 15:28:32',)","(224,)","(-30,)","(-89,)","('271',)","('69',)","(-89,)"
"('2022-03-27 15:28:32',)","(223,)","(-29,)","(-90,)","('270',)","('70',)","(-90,)"
"('2022-03-27 15:28:32',)","(225,)","(-32,)","(-90,)","('271',)","('71',)","(-90,)"
"('2022-03-27 15:28:32',)","(225,)","(-30,)","(-90,)","('270',)","('69',)","(-90,)"
"('2022-03-27 15:28:32',)","(223,)","(-31,)","(-90,)","('271',)","('70',)","(-90,)"
"('2022-03-27 15:28:32',)","(224,)","(-31,)","(-91,)","('270',)","('70',)","(-91,)"
"('2022-03-27 15:28:32',)","(223,)","(-30,)","(-90,)","('270',)","('69',)","(-90,)"
"('2022-03-27 15:28:32',)","(223,)","(-30,)","(-89,)","('269',)","('70',)","(-89,)"
"('2022-03-27 15:28:32',)","(225,)","(-31,)","(-89,)","('270',)","('70',)","(-89,)"
"('2022-03-27 15:28:32',)","(223,)","(-31,)","(-90,)","('271',)","('69',)","(-90,)"
"('2022-03-27 15:28:30',)","(223,)","(-30,)","(-90,)","('270',)","('71',)","(-90,)"
"('2022-03-22 12:10:16',)","(-30,)","(112,)","(227,)","('-98',)","('-32',)","(227,)"
"('2022-03-22 12:10:16',)","(-32,)","(112,)","(226,)","('-97',)","('-32',)","(226,)"
"('2022-03-22 12:10:15',)","(-33,)","(111,)","(230,)","('-98',)","('-30',)","(230,)"
"('2022-03-22 12:10:15',)","(-30,)","(109,)","(228,)","('-98',)","('-31',)","(228,)"
"('2022-03-22 12:10:15',)","(-32,)","(111,)","(225,)","('-98',)","('-32',)","(225,)"
"('2022-03-22 12:10:15',)","(-31,)","(110,)","(228,)","('-98',)","('-32',)","(228,)"
"('2022-03-22 12:10:14',)","(-34,)","(114,)","(226,)","('-97',)","('-31',)","(226,)"
"('2022-03-22 12:10:14',)","(-33,)","(113,)","(226,)","('-97',)","('-31',)","(226,)"
"('2022-03-22 12:10:14',)","(-33,)","(112,)","(226,)","('-97',)","('-30',)","(226,)"
"('2022-03-22 12:10:14',)","(-32,)","(112,)","(228,)","('-96',)","('-31',)","(228,)"
"('2022-03-22 12:10:13',)","(-35,)","(108,)","(229,)","('-97',)","('-32',)","(229,)"
"('2022-03-22 12:10:13',)","(-35,)","(108,)","(228,)","('-97',)","('-32',)","(228,)"
"('2022-03-22 12:10:13',)","(-34,)","(112,)","(227,)","('-97',)","('-32',)","(227,)"
"('2022-03-22 12:10:13',)","(-33,)","(112,)","(227,)","('-98',)","('-32',)","(227,)"
"('2022-03-22 12:10:12',)","(-32,)","(114,)","(227,)","('-98',)","('-31',)","(227,)"
"('2022-03-22 12:10:12',)","(-33,)","(114,)","(225,)","('-97',)","('-31',)","(225,)"
"('2022-03-22 12:10:12',)","(-32,)","(112,)","(227,)","('-96',)","('-33',)","(227,)"
"('2022-03-22 12:10:12',)","(-33,)","(114,)","(227,)","('-97',)","('-32',)","(227,)"
"('2022-03-22 12:10:11',)","(-32,)","(107,)","(228,)","('-96',)","('-33',)","(228,)"
"('2022-03-22 12:10:11',)","(-34,)","(107,)","(227,)","('-97',)","('-32',)","(227,)"
"('2022-03-22 12:10:11',)","(-34,)","(111,)","(228,)","('-97',)","('-32',)","(228,)"
"('2022-03-22 12:10:11',)","(-33,)","(111,)","(227,)","('-97',)","('-31',)","(227,)"
"('2022-03-22 12:10:10',)","(-32,)","(111,)","(228,)","('-98',)","('-32',)","(228,)"
"('2022-03-22 12:10:10',)","(-35,)","(112,)","(227,)","('-96',)","('-32',)","(227,)"
"('2022-03-22 12:10:10',)","(-33,)","(110,)","(225,)","('-97',)","('-31',)","(225,)"
"('2022-03-22 12:10:10',)","(-34,)","(112,)","(226,)","('-97',)","('-32',)","(226,)"
"('2022-03-22 12:10:10',)","(-30,)","(113,)","(228,)","('-96',)","('-33',)","(228,)"
"('2022-03-22 12:10:10',)","(-33,)","(112,)","(227,)","('-98',)","('-32',)","(227,)"
"('2022-03-22 12:10:09',)","(-32,)","(110,)","(225,)","('-97',)","('-31',)","(225,)"
"('2022-03-22 12:10:09',)","(-34,)","(112,)","(226,)","('-97',)","('-31',)","(226,)"
"('2022-03-22 12:10:09',)","(-38,)","(112,)","(226,)","('-97',)","('-31',)","(226,)"
"('2022-03-22 12:10:09',)","(-36,)","(111,)","(226,)","('-97',)","('-32',)","(226,)"
"('2022-03-22 12:10:09',)","(-31,)","(112,)","(232,)","('-98',)","('-32',)","(232,)"
"('2022-03-22 12:10:09',)","(-33,)","(112,)","(231,)","('-97',)","('-32',)","(231,)"
"('2022-03-22 12:10:08',)","(-29,)","(113,)","(234,)","('-97',)","('-32',)","(234,)"
"('2022-03-22 12:10:08',)","(-34,)","(110,)","(230,)","('-97',)","('-31',)","(230,)"
"('2022-03-22 12:10:08',)","(-36,)","(111,)","(230,)","('-97',)","('-33',)","(230,)"
"('2022-03-22 12:10:08',)","(-35,)","(113,)","(226,)","('-97',)","('-32',)","(226,)"
"('2022-03-22 12:10:08',)","(-30,)","(111,)","(225,)","('-97',)","('-32',)","(225,)"
"('2022-03-22 12:10:08',)","(-34,)","(111,)","(225,)","('-97',)","('-31',)","(225,)"
"('2022-03-22 12:10:08',)","(-32,)","(112,)","(226,)","('-96',)","('-31',)","(226,)"
"('2022-03-22 12:10:08',)","(-32,)","(113,)","(225,)","('-97',)","('-31',)","(225,)"
TIME,X,Y,Z,X2,Y2,Z2
"('2022-03-27 15:28:42',)","(145,)","(-160,)","(-95,)","('104',)","('-58',)","(-95,)"
"('2022-03-27 15:28:42',)","(144,)","(-160,)","(-97,)","('92',)","('-39',)","(-97,)"
"('2022-03-27 15:28:42',)","(144,)","(-160,)","(-95,)","('97',)","('-12',)","(-95,)"
"('2022-03-27 15:28:42',)","(145,)","(-159,)","(-95,)","('111',)","('-20',)","(-95,)"
"('2022-03-27 15:28:42',)","(145,)","(-160,)","(-97,)","('128',)","('-73',)","(-97,)"
"('2022-03-27 15:28:40',)","(5,)","(-41,)","(40,)","('190',)","('-278',)","(40,)"
"('2022-03-27 15:28:40',)","(273,)","(10,)","(-121,)","('170',)","('-202',)","(-121,)"
"('2022-03-27 15:28:40',)","(433,)","(15,)","(-186,)","('194',)","('-128',)","(-186,)"
"('2022-03-27 15:28:40',)","(390,)","(58,)","(-134,)","('255',)","('-147',)","(-134,)"
"('2022-03-27 15:28:40',)","(288,)","(49,)","(-130,)","('302',)","('-145',)","(-130,)"
"('2022-03-27 15:28:40',)","(132,)","(-118,)","(-90,)","('284',)","('-151',)","(-90,)"
"('2022-03-27 15:28:40',)","(39,)","(-309,)","(-83,)","('285',)","('-175',)","(-83,)"
"('2022-03-27 15:28:40',)","(147,)","(-277,)","(-115,)","('255',)","('-149',)","(-115,)"
"('2022-03-27 15:28:40',)","(302,)","(-12,)","(-104,)","('219',)","('-133',)","(-104,)"
"('2022-03-27 15:28:40',)","(307,)","(102,)","(-85,)","('202',)","('-23',)","(-85,)"
"('2022-03-27 15:28:40',)","(162,)","(-56,)","(-37,)","('176',)","('-63',)","(-37,)"
"('2022-03-27 15:28:40',)","(56,)","(-207,)","(-56,)","('262',)","('-408',)","(-56,)"
"('2022-03-27 15:28:40',)","(90,)","(-94,)","(-101,)","('313',)","('-512',)","(-101,)"
"('2022-03-27 15:28:40',)","(186,)","(36,)","(-236,)","('-127',)","('234',)","(-236,)"
"('2022-03-27 15:28:40',)","(304,)","(-49,)","(48,)","('-198',)","('39',)","(48,)"
"('2022-03-27 15:28:40',)","(238,)","(88,)","(-87,)","('-309',)","('135',)","(-87,)"
"('2022-03-27 15:28:40',)","(237,)","(107,)","(-94,)","('-139',)","('18',)","(-94,)"
"('2022-03-27 15:28:40',)","(194,)","(50,)","(-79,)","('88',)","('-37',)","(-79,)"
"('2022-03-27 15:28:40',)","(214,)","(33,)","(-92,)","('108',)","('-148',)","(-92,)"
"('2022-03-27 15:28:40',)","(318,)","(-84,)","(-126,)","('287',)","('-512',)","(-126,)"
"('2022-03-27 15:28:40',)","(355,)","(-110,)","(-136,)","('284',)","('-365',)","(-136,)"
"('2022-03-27 15:28:39',)","(231,)","(-38,)","(-93,)","('151',)","('-81',)","(-93,)"
"('2022-03-27 15:28:39',)","(294,)","(28,)","(-77,)","('179',)","('417',)","(-77,)"
"('2022-03-27 15:28:39',)","(225,)","(-23,)","(-175,)","('333',)","('387',)","(-175,)"
"('2022-03-27 15:28:39',)","(181,)","(49,)","(-151,)","('444',)","('100',)","(-151,)"
"('2022-03-27 15:28:39',)","(288,)","(14,)","(-144,)","('200',)","('-101',)","(-144,)"
"('2022-03-27 15:28:39',)","(281,)","(-43,)","(-109,)","('65',)","('-299',)","(-109,)"
"('2022-03-27 15:28:39',)","(298,)","(-21,)","(-122,)","('62',)","('-450',)","(-122,)"
"('2022-03-27 15:28:39',)","(247,)","(-13,)","(-78,)","('-199',)","('-35',)","(-78,)"
"('2022-03-27 15:28:37',)","(223,)","(-31,)","(-91,)","('105',)","('511',)","(-91,)"
"('2022-03-27 15:28:37',)","(224,)","(-31,)","(-90,)","('93',)","('-182',)","(-90,)"
"('2022-03-27 15:28:37',)","(224,)","(-30,)","(-90,)","('214',)","('-305',)","(-90,)"
"('2022-03-27 15:28:37',)","(223,)","(-30,)","(-89,)","('213',)","('-17',)","(-89,)"
"('2022-03-27 15:28:37',)","(224,)","(-30,)","(-91,)","('162',)","('106',)","(-91,)"
"('2022-03-27 15:28:37',)","(224,)","(-30,)","(-91,)","('123',)","('2',)","(-91,)"
"('2022-03-27 15:28:37',)","(226,)","(-29,)","(-90,)","('200',)","('-228',)","(-90,)"
"('2022-03-27 15:28:37',)","(223,)","(-29,)","(-90,)","('83',)","('-102',)","(-90,)"
"('2022-03-27 15:28:37',)","(223,)","(-31,)","(-89,)","('11',)","('225',)","(-89,)"
"('2022-03-27 15:28:37',)","(224,)","(-30,)","(-90,)","('221',)","('436',)","(-90,)"
"('2022-03-27 15:28:37',)","(224,)","(-27,)","(-89,)","('184',)","('148',)","(-89,)"
"('2022-03-27 15:28:37',)","(223,)","(-27,)","(-89,)","('193',)","('-175',)","(-89,)"
"('2022-03-27 15:28:37',)","(224,)","(-31,)","(-90,)","('-100',)","('-494',)","(-90,)"
"('2022-03-27 15:28:36',)","(223,)","(-30,)","(-90,)","('260',)","('77',)","(-90,)"
"('2022-03-27 15:28:36',)","(224,)","(-30,)","(-90,)","('321',)","('63',)","(-90,)"
"('2022-03-27 15:28:36',)","(223,)","(-31,)","(-90,)","('253',)","('76',)","(-90,)"
"('2022-03-27 15:28:36',)","(222,)","(-30,)","(-91,)","('269',)","('67',)","(-91,)"
"('2022-03-27 15:28:36',)","(224,)","(-30,)","(-89,)","('281',)","('62',)","(-89,)"
"('2022-03-27 15:28:36',)","(223,)","(-29,)","(-88,)","('271',)","('66',)","(-88,)"
"('2022-03-27 15:28:36',)","(223,)","(-31,)","(-90,)","('269',)","('66',)","(-90,)"
"('2022-03-27 15:28:36',)","(224,)","(-32,)","(-91,)","('270',)","('65',)","(-91,)"
"('2022-03-27 15:28:36',)","(224,)","(-30,)","(-90,)","('271',)","('66',)","(-90,)"
"('2022-03-27 15:28:36',)","(223,)","(-29,)","(-90,)","('271',)","('66',)","(-90,)"
"('2022-03-27 15:28:35',)","(224,)","(-29,)","(-89,)","('270',)","('69',)","(-89,)"
"('2022-03-27 15:28:35',)","(225,)","(-28,)","(-89,)","('270',)","('70',)","(-89,)"
"('2022-03-27 15:28:35',)","(224,)","(-28,)","(-87,)","('270',)","('71',)","(-87,)"
"('2022-03-27 15:28:35',)","(222,)","(-29,)","(-89,)","('279',)","('70',)","(-89,)"
"('2022-03-27 15:28:34',)","(224,)","(-31,)","(-90,)","('270',)","('70',)","(-90,)"
"('2022-03-27 15:28:34',)","(224,)","(-30,)","(-89,)","('270',)","('70',)","(-89,)"
"('2022-03-27 15:28:34',)","(224,)","(-32,)","(-89,)","('270',)","('70',)","(-89,)"
"('2022-03-27 15:28:34',)","(223,)","(-30,)","(-91,)","('270',)","('70',)","(-91,)"
"('2022-03-27 15:28:34',)","(223,)","(-31,)","(-90,)","('270',)","('70',)","(-90,)"
"('2022-03-27 15:28:34',)","(224,)","(-30,)","(-88,)","('269',)","('71',)","(-88,)"
"('2022-03-27 15:28:33',)","(223,)","(-30,)","(-89,)","('270',)","('70',)","(-89,)"
"('2022-03-27 15:28:33',)","(224,)","(-31,)","(-90,)","('269',)","('70',)","(-90,)"
"('2022-03-27 15:28:33',)","(223,)","(-30,)","(-90,)","('269',)","('71',)","(-90,)"
"('2022-03-27 15:28:33',)","(225,)","(-30,)","(-90,)","('269',)","('71',)","(-90,)"
"('2022-03-27 15:28:33',)","(223,)","(-30,)","(-89,)","('271',)","('70',)","(-89,)"
"('2022-03-27 15:28:33',)","(224,)","(-31,)","(-89,)","('270',)","('69',)","(-89,)"
"('2022-03-27 15:28:33',)","(223,)","(-30,)","(-89,)","('270',)","('71',)","(-89,)"
"('2022-03-27 15:28:33',)","(225,)","(-32,)","(-89,)","('271',)","('69',)","(-89,)"
"('2022-03-27 15:28:33',)","(223,)","(-30,)","(-89,)","('271',)","('69',)","(-89,)"
"('2022-03-27 15:28:33',)","(225,)","(-30,)","(-90,)","('270',)","('71',)","(-90,)"
"('2022-03-27 15:28:33',)","(223,)","(-30,)","(-90,)","('271',)","('70',)","(-90,)"
"('2022-03-27 15:28:33',)","(222,)","(-30,)","(-90,)","('271',)","('70',)","(-90,)"
"('2022-03-27 15:28:33',)","(223,)","(-31,)","(-90,)","('270',)","('71',)","(-90,)"
"('2022-03-27 15:28:33',)","(224,)","(-30,)","(-91,)","('269',)","('70',)","(-91,)"
"('2022-03-27 15:28:33',)","(223,)","(-31,)","(-89,)","('270',)","('69',)","(-89,)"
"('2022-03-27 15:28:33',)","(223,)","(-30,)","(-90,)","('270',)","('71',)","(-90,)"
"('2022-03-27 15:28:33',)","(223,)","(-29,)","(-90,)","('270',)","('69',)","(-90,)"
"('2022-03-27 15:28:33',)","(224,)","(-31,)","(-90,)","('271',)","('71',)","(-90,)"
"('2022-03-27 15:28:33',)","(224,)","(-30,)","(-90,)","('269',)","('71',)","(-90,)"
"('2022-03-27 15:28:32',)","(225,)","(-30,)","(-90,)","('270',)","('71',)","(-90,)"
"('2022-03-27 15:28:32',)","(224,)","(-30,)","(-89,)","('271',)","('69',)","(-89,)"
"('2022-03-27 15:28:32',)","(223,)","(-29,)","(-90,)","('270',)","('70',)","(-90,)"
"('2022-03-27 15:28:32',)","(225,)","(-32,)","(-90,)","('271',)","('71',)","(-90,)"
"('2022-03-27 15:28:32',)","(225,)","(-30,)","(-90,)","('270',)","('69',)","(-90,)"
"('2022-03-27 15:28:32',)","(223,)","(-31,)","(-90,)","('271',)","('70',)","(-90,)"
"('2022-03-27 15:28:32',)","(224,)","(-31,)","(-91,)","('270',)","('70',)","(-91,)"
"('2022-03-27 15:28:32',)","(223,)","(-30,)","(-90,)","('270',)","('69',)","(-90,)"
"('2022-03-27 15:28:32',)","(223,)","(-30,)","(-89,)","('269',)","('70',)","(-89,)"
"('2022-03-27 15:28:32',)","(225,)","(-31,)","(-89,)","('270',)","('70',)","(-89,)"
"('2022-03-27 15:28:32',)","(223,)","(-31,)","(-90,)","('271',)","('69',)","(-90,)"
"('2022-03-27 15:28:30',)","(223,)","(-30,)","(-90,)","('270',)","('71',)","(-90,)"
"('2022-03-22 12:10:16',)","(-30,)","(112,)","(227,)","('-98',)","('-32',)","(227,)"
"('2022-03-22 12:10:16',)","(-32,)","(112,)","(226,)","('-97',)","('-32',)","(226,)"
"('2022-03-22 12:10:15',)","(-33,)","(111,)","(230,)","('-98',)","('-30',)","(230,)"
"('2022-03-22 12:10:15',)","(-30,)","(109,)","(228,)","('-98',)","('-31',)","(228,)"
"('2022-03-22 12:10:15',)","(-32,)","(111,)","(225,)","('-98',)","('-32',)","(225,)"
"('2022-03-22 12:10:15',)","(-31,)","(110,)","(228,)","('-98',)","('-32',)","(228,)"
"('2022-03-22 12:10:14',)","(-34,)","(114,)","(226,)","('-97',)","('-31',)","(226,)"
"('2022-03-22 12:10:14',)","(-33,)","(113,)","(226,)","('-97',)","('-31',)","(226,)"
"('2022-03-22 12:10:14',)","(-33,)","(112,)","(226,)","('-97',)","('-30',)","(226,)"
"('2022-03-22 12:10:14',)","(-32,)","(112,)","(228,)","('-96',)","('-31',)","(228,)"
"('2022-03-22 12:10:13',)","(-35,)","(108,)","(229,)","('-97',)","('-32',)","(229,)"
"('2022-03-22 12:10:13',)","(-35,)","(108,)","(228,)","('-97',)","('-32',)","(228,)"
"('2022-03-22 12:10:13',)","(-34,)","(112,)","(227,)","('-97',)","('-32',)","(227,)"
"('2022-03-22 12:10:13',)","(-33,)","(112,)","(227,)","('-98',)","('-32',)","(227,)"
"('2022-03-22 12:10:12',)","(-32,)","(114,)","(227,)","('-98',)","('-31',)","(227,)"
"('2022-03-22 12:10:12',)","(-33,)","(114,)","(225,)","('-97',)","('-31',)","(225,)"
"('2022-03-22 12:10:12',)","(-32,)","(112,)","(227,)","('-96',)","('-33',)","(227,)"
"('2022-03-22 12:10:12',)","(-33,)","(114,)","(227,)","('-97',)","('-32',)","(227,)"
"('2022-03-22 12:10:11',)","(-32,)","(107,)","(228,)","('-96',)","('-33',)","(228,)"
"('2022-03-22 12:10:11',)","(-34,)","(107,)","(227,)","('-97',)","('-32',)","(227,)"
"('2022-03-22 12:10:11',)","(-34,)","(111,)","(228,)","('-97',)","('-32',)","(228,)"
"('2022-03-22 12:10:11',)","(-33,)","(111,)","(227,)","('-97',)","('-31',)","(227,)"
"('2022-03-22 12:10:10',)","(-32,)","(111,)","(228,)","('-98',)","('-32',)","(228,)"
"('2022-03-22 12:10:10',)","(-35,)","(112,)","(227,)","('-96',)","('-32',)","(227,)"
"('2022-03-22 12:10:10',)","(-33,)","(110,)","(225,)","('-97',)","('-31',)","(225,)"
"('2022-03-22 12:10:10',)","(-34,)","(112,)","(226,)","('-97',)","('-32',)","(226,)"
"('2022-03-22 12:10:10',)","(-30,)","(113,)","(228,)","('-96',)","('-33',)","(228,)"
"('2022-03-22 12:10:10',)","(-33,)","(112,)","(227,)","('-98',)","('-32',)","(227,)"
"('2022-03-22 12:10:09',)","(-32,)","(110,)","(225,)","('-97',)","('-31',)","(225,)"
"('2022-03-22 12:10:09',)","(-34,)","(112,)","(226,)","('-97',)","('-31',)","(226,)"
"('2022-03-22 12:10:09',)","(-38,)","(112,)","(226,)","('-97',)","('-31',)","(226,)"
"('2022-03-22 12:10:09',)","(-36,)","(111,)","(226,)","('-97',)","('-32',)","(226,)"
"('2022-03-22 12:10:09',)","(-31,)","(112,)","(232,)","('-98',)","('-32',)","(232,)"
"('2022-03-22 12:10:09',)","(-33,)","(112,)","(231,)","('-97',)","('-32',)","(231,)"
"('2022-03-22 12:10:08',)","(-29,)","(113,)","(234,)","('-97',)","('-32',)","(234,)"
"('2022-03-22 12:10:08',)","(-34,)","(110,)","(230,)","('-97',)","('-31',)","(230,)"
"('2022-03-22 12:10:08',)","(-36,)","(111,)","(230,)","('-97',)","('-33',)","(230,)"
"('2022-03-22 12:10:08',)","(-35,)","(113,)","(226,)","('-97',)","('-32',)","(226,)"
"('2022-03-22 12:10:08',)","(-30,)","(111,)","(225,)","('-97',)","('-32',)","(225,)"
"('2022-03-22 12:10:08',)","(-34,)","(111,)","(225,)","('-97',)","('-31',)","(225,)"
"('2022-03-22 12:10:08',)","(-32,)","(112,)","(226,)","('-96',)","('-31',)","(226,)"
"('2022-03-22 12:10:08',)","(-32,)","(113,)","(225,)","('-97',)","('-31',)","(225,)"
TIME,X,Y,Z,X2,Y2,Z2
"('2022-03-27 15:28:42',)","(145,)","(-160,)","(-95,)","('104',)","('-58',)","(-95,)"
"('2022-03-27 15:28:42',)","(144,)","(-160,)","(-97,)","('92',)","('-39',)","(-97,)"
"('2022-03-27 15:28:42',)","(144,)","(-160,)","(-95,)","('97',)","('-12',)","(-95,)"
"('2022-03-27 15:28:42',)","(145,)","(-159,)","(-95,)","('111',)","('-20',)","(-95,)"
"('2022-03-27 15:28:42',)","(145,)","(-160,)","(-97,)","('128',)","('-73',)","(-97,)"
"('2022-03-27 15:28:40',)","(5,)","(-41,)","(40,)","('190',)","('-278',)","(40,)"
"('2022-03-27 15:28:40',)","(273,)","(10,)","(-121,)","('170',)","('-202',)","(-121,)"
"('2022-03-27 15:28:40',)","(433,)","(15,)","(-186,)","('194',)","('-128',)","(-186,)"
"('2022-03-27 15:28:40',)","(390,)","(58,)","(-134,)","('255',)","('-147',)","(-134,)"
"('2022-03-27 15:28:40',)","(288,)","(49,)","(-130,)","('302',)","('-145',)","(-130,)"
"('2022-03-27 15:28:40',)","(132,)","(-118,)","(-90,)","('284',)","('-151',)","(-90,)"
"('2022-03-27 15:28:40',)","(39,)","(-309,)","(-83,)","('285',)","('-175',)","(-83,)"
"('2022-03-27 15:28:40',)","(147,)","(-277,)","(-115,)","('255',)","('-149',)","(-115,)"
"('2022-03-27 15:28:40',)","(302,)","(-12,)","(-104,)","('219',)","('-133',)","(-104,)"
"('2022-03-27 15:28:40',)","(307,)","(102,)","(-85,)","('202',)","('-23',)","(-85,)"
"('2022-03-27 15:28:40',)","(162,)","(-56,)","(-37,)","('176',)","('-63',)","(-37,)"
"('2022-03-27 15:28:40',)","(56,)","(-207,)","(-56,)","('262',)","('-408',)","(-56,)"
"('2022-03-27 15:28:40',)","(90,)","(-94,)","(-101,)","('313',)","('-512',)","(-101,)"
"('2022-03-27 15:28:40',)","(186,)","(36,)","(-236,)","('-127',)","('234',)","(-236,)"
"('2022-03-27 15:28:40',)","(304,)","(-49,)","(48,)","('-198',)","('39',)","(48,)"
"('2022-03-27 15:28:40',)","(238,)","(88,)","(-87,)","('-309',)","('135',)","(-87,)"
"('2022-03-27 15:28:40',)","(237,)","(107,)","(-94,)","('-139',)","('18',)","(-94,)"
"('2022-03-27 15:28:40',)","(194,)","(50,)","(-79,)","('88',)","('-37',)","(-79,)"
"('2022-03-27 15:28:40',)","(214,)","(33,)","(-92,)","('108',)","('-148',)","(-92,)"
"('2022-03-27 15:28:40',)","(318,)","(-84,)","(-126,)","('287',)","('-512',)","(-126,)"
"('2022-03-27 15:28:40',)","(355,)","(-110,)","(-136,)","('284',)","('-365',)","(-136,)"
"('2022-03-27 15:28:39',)","(231,)","(-38,)","(-93,)","('151',)","('-81',)","(-93,)"
"('2022-03-27 15:28:39',)","(294,)","(28,)","(-77,)","('179',)","('417',)","(-77,)"
"('2022-03-27 15:28:39',)","(225,)","(-23,)","(-175,)","('333',)","('387',)","(-175,)"
"('2022-03-27 15:28:39',)","(181,)","(49,)","(-151,)","('444',)","('100',)","(-151,)"
"('2022-03-27 15:28:39',)","(288,)","(14,)","(-144,)","('200',)","('-101',)","(-144,)"
"('2022-03-27 15:28:39',)","(281,)","(-43,)","(-109,)","('65',)","('-299',)","(-109,)"
"('2022-03-27 15:28:39',)","(298,)","(-21,)","(-122,)","('62',)","('-450',)","(-122,)"
"('2022-03-27 15:28:39',)","(247,)","(-13,)","(-78,)","('-199',)","('-35',)","(-78,)"
"('2022-03-27 15:28:37',)","(223,)","(-31,)","(-91,)","('105',)","('511',)","(-91,)"
"('2022-03-27 15:28:37',)","(224,)","(-31,)","(-90,)","('93',)","('-182',)","(-90,)"
"('2022-03-27 15:28:37',)","(224,)","(-30,)","(-90,)","('214',)","('-305',)","(-90,)"
"('2022-03-27 15:28:37',)","(223,)","(-30,)","(-89,)","('213',)","('-17',)","(-89,)"
"('2022-03-27 15:28:37',)","(224,)","(-30,)","(-91,)","('162',)","('106',)","(-91,)"
"('2022-03-27 15:28:37',)","(224,)","(-30,)","(-91,)","('123',)","('2',)","(-91,)"
"('2022-03-27 15:28:37',)","(226,)","(-29,)","(-90,)","('200',)","('-228',)","(-90,)"
"('2022-03-27 15:28:37',)","(223,)","(-29,)","(-90,)","('83',)","('-102',)","(-90,)"
"('2022-03-27 15:28:37',)","(223,)","(-31,)","(-89,)","('11',)","('225',)","(-89,)"
"('2022-03-27 15:28:37',)","(224,)","(-30,)","(-90,)","('221',)","('436',)","(-90,)"
"('2022-03-27 15:28:37',)","(224,)","(-27,)","(-89,)","('184',)","('148',)","(-89,)"
"('2022-03-27 15:28:37',)","(223,)","(-27,)","(-89,)","('193',)","('-175',)","(-89,)"
"('2022-03-27 15:28:37',)","(224,)","(-31,)","(-90,)","('-100',)","('-494',)","(-90,)"
"('2022-03-27 15:28:36',)","(223,)","(-30,)","(-90,)","('260',)","('77',)","(-90,)"
"('2022-03-27 15:28:36',)","(224,)","(-30,)","(-90,)","('321',)","('63',)","(-90,)"
"('2022-03-27 15:28:36',)","(223,)","(-31,)","(-90,)","('253',)","('76',)","(-90,)"
"('2022-03-27 15:28:36',)","(222,)","(-30,)","(-91,)","('269',)","('67',)","(-91,)"
"('2022-03-27 15:28:36',)","(224,)","(-30,)","(-89,)","('281',)","('62',)","(-89,)"
"('2022-03-27 15:28:36',)","(223,)","(-29,)","(-88,)","('271',)","('66',)","(-88,)"
"('2022-03-27 15:28:36',)","(223,)","(-31,)","(-90,)","('269',)","('66',)","(-90,)"
"('2022-03-27 15:28:36',)","(224,)","(-32,)","(-91,)","('270',)","('65',)","(-91,)"
"('2022-03-27 15:28:36',)","(224,)","(-30,)","(-90,)","('271',)","('66',)","(-90,)"
"('2022-03-27 15:28:36',)","(223,)","(-29,)","(-90,)","('271',)","('66',)","(-90,)"
"('2022-03-27 15:28:35',)","(224,)","(-29,)","(-89,)","('270',)","('69',)","(-89,)"
"('2022-03-27 15:28:35',)","(225,)","(-28,)","(-89,)","('270',)","('70',)","(-89,)"
"('2022-03-27 15:28:35',)","(224,)","(-28,)","(-87,)","('270',)","('71',)","(-87,)"
"('2022-03-27 15:28:35',)","(222,)","(-29,)","(-89,)","('279',)","('70',)","(-89,)"
"('2022-03-27 15:28:34',)","(224,)","(-31,)","(-90,)","('270',)","('70',)","(-90,)"
"('2022-03-27 15:28:34',)","(224,)","(-30,)","(-89,)","('270',)","('70',)","(-89,)"
"('2022-03-27 15:28:34',)","(224,)","(-32,)","(-89,)","('270',)","('70',)","(-89,)"
"('2022-03-27 15:28:34',)","(223,)","(-30,)","(-91,)","('270',)","('70',)","(-91,)"
"('2022-03-27 15:28:34',)","(223,)","(-31,)","(-90,)","('270',)","('70',)","(-90,)"
"('2022-03-27 15:28:34',)","(224,)","(-30,)","(-88,)","('269',)","('71',)","(-88,)"
"('2022-03-27 15:28:33',)","(223,)","(-30,)","(-89,)","('270',)","('70',)","(-89,)"
"('2022-03-27 15:28:33',)","(224,)","(-31,)","(-90,)","('269',)","('70',)","(-90,)"
"('2022-03-27 15:28:33',)","(223,)","(-30,)","(-90,)","('269',)","('71',)","(-90,)"
"('2022-03-27 15:28:33',)","(225,)","(-30,)","(-90,)","('269',)","('71',)","(-90,)"
"('2022-03-27 15:28:33',)","(223,)","(-30,)","(-89,)","('271',)","('70',)","(-89,)"
"('2022-03-27 15:28:33',)","(224,)","(-31,)","(-89,)","('270',)","('69',)","(-89,)"
"('2022-03-27 15:28:33',)","(223,)","(-30,)","(-89,)","('270',)","('71',)","(-89,)"
"('2022-03-27 15:28:33',)","(225,)","(-32,)","(-89,)","('271',)","('69',)","(-89,)"
"('2022-03-27 15:28:33',)","(223,)","(-30,)","(-89,)","('271',)","('69',)","(-89,)"
"('2022-03-27 15:28:33',)","(225,)","(-30,)","(-90,)","('270',)","('71',)","(-90,)"
"('2022-03-27 15:28:33',)","(223,)","(-30,)","(-90,)","('271',)","('70',)","(-90,)"
"('2022-03-27 15:28:33',)","(222,)","(-30,)","(-90,)","('271',)","('70',)","(-90,)"
"('2022-03-27 15:28:33',)","(223,)","(-31,)","(-90,)","('270',)","('71',)","(-90,)"
"('2022-03-27 15:28:33',)","(224,)","(-30,)","(-91,)","('269',)","('70',)","(-91,)"
"('2022-03-27 15:28:33',)","(223,)","(-31,)","(-89,)","('270',)","('69',)","(-89,)"
"('2022-03-27 15:28:33',)","(223,)","(-30,)","(-90,)","('270',)","('71',)","(-90,)"
"('2022-03-27 15:28:33',)","(223,)","(-29,)","(-90,)","('270',)","('69',)","(-90,)"
"('2022-03-27 15:28:33',)","(224,)","(-31,)","(-90,)","('271',)","('71',)","(-90,)"
"('2022-03-27 15:28:33',)","(224,)","(-30,)","(-90,)","('269',)","('71',)","(-90,)"
"('2022-03-27 15:28:32',)","(225,)","(-30,)","(-90,)","('270',)","('71',)","(-90,)"
"('2022-03-27 15:28:32',)","(224,)","(-30,)","(-89,)","('271',)","('69',)","(-89,)"
"('2022-03-27 15:28:32',)","(223,)","(-29,)","(-90,)","('270',)","('70',)","(-90,)"
"('2022-03-27 15:28:32',)","(225,)","(-32,)","(-90,)","('271',)","('71',)","(-90,)"
"('2022-03-27 15:28:32',)","(225,)","(-30,)","(-90,)","('270',)","('69',)","(-90,)"
"('2022-03-27 15:28:32',)","(223,)","(-31,)","(-90,)","('271',)","('70',)","(-90,)"
"('2022-03-27 15:28:32',)","(224,)","(-31,)","(-91,)","('270',)","('70',)","(-91,)"
"('2022-03-27 15:28:32',)","(223,)","(-30,)","(-90,)","('270',)","('69',)","(-90,)"
"('2022-03-27 15:28:32',)","(223,)","(-30,)","(-89,)","('269',)","('70',)","(-89,)"
"('2022-03-27 15:28:32',)","(225,)","(-31,)","(-89,)","('270',)","('70',)","(-89,)"
"('2022-03-27 15:28:32',)","(223,)","(-31,)","(-90,)","('271',)","('69',)","(-90,)"
"('2022-03-27 15:28:30',)","(223,)","(-30,)","(-90,)","('270',)","('71',)","(-90,)"
"('2022-03-22 12:10:16',)","(-30,)","(112,)","(227,)","('-98',)","('-32',)","(227,)"
"('2022-03-22 12:10:16',)","(-32,)","(112,)","(226,)","('-97',)","('-32',)","(226,)"
"('2022-03-22 12:10:15',)","(-33,)","(111,)","(230,)","('-98',)","('-30',)","(230,)"
"('2022-03-22 12:10:15',)","(-30,)","(109,)","(228,)","('-98',)","('-31',)","(228,)"
"('2022-03-22 12:10:15',)","(-32,)","(111,)","(225,)","('-98',)","('-32',)","(225,)"
"('2022-03-22 12:10:15',)","(-31,)","(110,)","(228,)","('-98',)","('-32',)","(228,)"
"('2022-03-22 12:10:14',)","(-34,)","(114,)","(226,)","('-97',)","('-31',)","(226,)"
"('2022-03-22 12:10:14',)","(-33,)","(113,)","(226,)","('-97',)","('-31',)","(226,)"
"('2022-03-22 12:10:14',)","(-33,)","(112,)","(226,)","('-97',)","('-30',)","(226,)"
"('2022-03-22 12:10:14',)","(-32,)","(112,)","(228,)","('-96',)","('-31',)","(228,)"
"('2022-03-22 12:10:13',)","(-35,)","(108,)","(229,)","('-97',)","('-32',)","(229,)"
"('2022-03-22 12:10:13',)","(-35,)","(108,)","(228,)","('-97',)","('-32',)","(228,)"
"('2022-03-22 12:10:13',)","(-34,)","(112,)","(227,)","('-97',)","('-32',)","(227,)"
"('2022-03-22 12:10:13',)","(-33,)","(112,)","(227,)","('-98',)","('-32',)","(227,)"
"('2022-03-22 12:10:12',)","(-32,)","(114,)","(227,)","('-98',)","('-31',)","(227,)"
"('2022-03-22 12:10:12',)","(-33,)","(114,)","(225,)","('-97',)","('-31',)","(225,)"
"('2022-03-22 12:10:12',)","(-32,)","(112,)","(227,)","('-96',)","('-33',)","(227,)"
"('2022-03-22 12:10:12',)","(-33,)","(114,)","(227,)","('-97',)","('-32',)","(227,)"
"('2022-03-22 12:10:11',)","(-32,)","(107,)","(228,)","('-96',)","('-33',)","(228,)"
"('2022-03-22 12:10:11',)","(-34,)","(107,)","(227,)","('-97',)","('-32',)","(227,)"
"('2022-03-22 12:10:11',)","(-34,)","(111,)","(228,)","('-97',)","('-32',)","(228,)"
"('2022-03-22 12:10:11',)","(-33,)","(111,)","(227,)","('-97',)","('-31',)","(227,)"
"('2022-03-22 12:10:10',)","(-32,)","(111,)","(228,)","('-98',)","('-32',)","(228,)"
"('2022-03-22 12:10:10',)","(-35,)","(112,)","(227,)","('-96',)","('-32',)","(227,)"
"('2022-03-22 12:10:10',)","(-33,)","(110,)","(225,)","('-97',)","('-31',)","(225,)"
"('2022-03-22 12:10:10',)","(-34,)","(112,)","(226,)","('-97',)","('-32',)","(226,)"
"('2022-03-22 12:10:10',)","(-30,)","(113,)","(228,)","('-96',)","('-33',)","(228,)"
"('2022-03-22 12:10:10',)","(-33,)","(112,)","(227,)","('-98',)","('-32',)","(227,)"
"('2022-03-22 12:10:09',)","(-32,)","(110,)","(225,)","('-97',)","('-31',)","(225,)"
"('2022-03-22 12:10:09',)","(-34,)","(112,)","(226,)","('-97',)","('-31',)","(226,)"
"('2022-03-22 12:10:09',)","(-38,)","(112,)","(226,)","('-97',)","('-31',)","(226,)"
"('2022-03-22 12:10:09',)","(-36,)","(111,)","(226,)","('-97',)","('-32',)","(226,)"
"('2022-03-22 12:10:09',)","(-31,)","(112,)","(232,)","('-98',)","('-32',)","(232,)"
"('2022-03-22 12:10:09',)","(-33,)","(112,)","(231,)","('-97',)","('-32',)","(231,)"
"('2022-03-22 12:10:08',)","(-29,)","(113,)","(234,)","('-97',)","('-32',)","(234,)"
"('2022-03-22 12:10:08',)","(-34,)","(110,)","(230,)","('-97',)","('-31',)","(230,)"
"('2022-03-22 12:10:08',)","(-36,)","(111,)","(230,)","('-97',)","('-33',)","(230,)"
"('2022-03-22 12:10:08',)","(-35,)","(113,)","(226,)","('-97',)","('-32',)","(226,)"
"('2022-03-22 12:10:08',)","(-30,)","(111,)","(225,)","('-97',)","('-32',)","(225,)"
"('2022-03-22 12:10:08',)","(-34,)","(111,)","(225,)","('-97',)","('-31',)","(225,)"
"('2022-03-22 12:10:08',)","(-32,)","(112,)","(226,)","('-96',)","('-31',)","(226,)"
"('2022-03-22 12:10:08',)","(-32,)","(113,)","(225,)","('-97',)","('-31',)","(225,)"
TIME,X,Y,Z,X2,Y2,Z2
"('2022-03-27 15:28:42',)","(145,)","(-160,)","(-95,)","('104',)","('-58',)","(-95,)"
"('2022-03-27 15:28:42',)","(144,)","(-160,)","(-97,)","('92',)","('-39',)","(-97,)"
"('2022-03-27 15:28:42',)","(144,)","(-160,)","(-95,)","('97',)","('-12',)","(-95,)"
"('2022-03-27 15:28:42',)","(145,)","(-159,)","(-95,)","('111',)","('-20',)","(-95,)"
"('2022-03-27 15:28:42',)","(145,)","(-160,)","(-97,)","('128',)","('-73',)","(-97,)"
"('2022-03-27 15:28:40',)","(5,)","(-41,)","(40,)","('190',)","('-278',)","(40,)"
"('2022-03-27 15:28:40',)","(273,)","(10,)","(-121,)","('170',)","('-202',)","(-121,)"
"('2022-03-27 15:28:40',)","(433,)","(15,)","(-186,)","('194',)","('-128',)","(-186,)"
"('2022-03-27 15:28:40',)","(390,)","(58,)","(-134,)","('255',)","('-147',)","(-134,)"
"('2022-03-27 15:28:40',)","(288,)","(49,)","(-130,)","('302',)","('-145',)","(-130,)"
"('2022-03-27 15:28:40',)","(132,)","(-118,)","(-90,)","('284',)","('-151',)","(-90,)"
"('2022-03-27 15:28:40',)","(39,)","(-309,)","(-83,)","('285',)","('-175',)","(-83,)"
"('2022-03-27 15:28:40',)","(147,)","(-277,)","(-115,)","('255',)","('-149',)","(-115,)"
"('2022-03-27 15:28:40',)","(302,)","(-12,)","(-104,)","('219',)","('-133',)","(-104,)"
"('2022-03-27 15:28:40',)","(307,)","(102,)","(-85,)","('202',)","('-23',)","(-85,)"
"('2022-03-27 15:28:40',)","(162,)","(-56,)","(-37,)","('176',)","('-63',)","(-37,)"
"('2022-03-27 15:28:40',)","(56,)","(-207,)","(-56,)","('262',)","('-408',)","(-56,)"
"('2022-03-27 15:28:40',)","(90,)","(-94,)","(-101,)","('313',)","('-512',)","(-101,)"
"('2022-03-27 15:28:40',)","(186,)","(36,)","(-236,)","('-127',)","('234',)","(-236,)"
"('2022-03-27 15:28:40',)","(304,)","(-49,)","(48,)","('-198',)","('39',)","(48,)"
"('2022-03-27 15:28:40',)","(238,)","(88,)","(-87,)","('-309',)","('135',)","(-87,)"
"('2022-03-27 15:28:40',)","(237,)","(107,)","(-94,)","('-139',)","('18',)","(-94,)"
"('2022-03-27 15:28:40',)","(194,)","(50,)","(-79,)","('88',)","('-37',)","(-79,)"
"('2022-03-27 15:28:40',)","(214,)","(33,)","(-92,)","('108',)","('-148',)","(-92,)"
"('2022-03-27 15:28:40',)","(318,)","(-84,)","(-126,)","('287',)","('-512',)","(-126,)"
"('2022-03-27 15:28:40',)","(355,)","(-110,)","(-136,)","('284',)","('-365',)","(-136,)"
"('2022-03-27 15:28:39',)","(231,)","(-38,)","(-93,)","('151',)","('-81',)","(-93,)"
"('2022-03-27 15:28:39',)","(294,)","(28,)","(-77,)","('179',)","('417',)","(-77,)"
"('2022-03-27 15:28:39',)","(225,)","(-23,)","(-175,)","('333',)","('387',)","(-175,)"
"('2022-03-27 15:28:39',)","(181,)","(49,)","(-151,)","('444',)","('100',)","(-151,)"
"('2022-03-27 15:28:39',)","(288,)","(14,)","(-144,)","('200',)","('-101',)","(-144,)"
"('2022-03-27 15:28:39',)","(281,)","(-43,)","(-109,)","('65',)","('-299',)","(-109,)"
"('2022-03-27 15:28:39',)","(298,)","(-21,)","(-122,)","('62',)","('-450',)","(-122,)"
"('2022-03-27 15:28:39',)","(247,)","(-13,)","(-78,)","('-199',)","('-35',)","(-78,)"
"('2022-03-27 15:28:37',)","(223,)","(-31,)","(-91,)","('105',)","('511',)","(-91,)"
"('2022-03-27 15:28:37',)","(224,)","(-31,)","(-90,)","('93',)","('-182',)","(-90,)"
"('2022-03-27 15:28:37',)","(224,)","(-30,)","(-90,)","('214',)","('-305',)","(-90,)"
"('2022-03-27 15:28:37',)","(223,)","(-30,)","(-89,)","('213',)","('-17',)","(-89,)"
"('2022-03-27 15:28:37',)","(224,)","(-30,)","(-91,)","('162',)","('106',)","(-91,)"
"('2022-03-27 15:28:37',)","(224,)","(-30,)","(-91,)","('123',)","('2',)","(-91,)"
"('2022-03-27 15:28:37',)","(226,)","(-29,)","(-90,)","('200',)","('-228',)","(-90,)"
"('2022-03-27 15:28:37',)","(223,)","(-29,)","(-90,)","('83',)","('-102',)","(-90,)"
"('2022-03-27 15:28:37',)","(223,)","(-31,)","(-89,)","('11',)","('225',)","(-89,)"
"('2022-03-27 15:28:37',)","(224,)","(-30,)","(-90,)","('221',)","('436',)","(-90,)"
"('2022-03-27 15:28:37',)","(224,)","(-27,)","(-89,)","('184',)","('148',)","(-89,)"
"('2022-03-27 15:28:37',)","(223,)","(-27,)","(-89,)","('193',)","('-175',)","(-89,)"
"('2022-03-27 15:28:37',)","(224,)","(-31,)","(-90,)","('-100',)","('-494',)","(-90,)"
"('2022-03-27 15:28:36',)","(223,)","(-30,)","(-90,)","('260',)","('77',)","(-90,)"
"('2022-03-27 15:28:36',)","(224,)","(-30,)","(-90,)","('321',)","('63',)","(-90,)"
"('2022-03-27 15:28:36',)","(223,)","(-31,)","(-90,)","('253',)","('76',)","(-90,)"
"('2022-03-27 15:28:36',)","(222,)","(-30,)","(-91,)","('269',)","('67',)","(-91,)"
"('2022-03-27 15:28:36',)","(224,)","(-30,)","(-89,)","('281',)","('62',)","(-89,)"
"('2022-03-27 15:28:36',)","(223,)","(-29,)","(-88,)","('271',)","('66',)","(-88,)"
"('2022-03-27 15:28:36',)","(223,)","(-31,)","(-90,)","('269',)","('66',)","(-90,)"
"('2022-03-27 15:28:36',)","(224,)","(-32,)","(-91,)","('270',)","('65',)","(-91,)"
"('2022-03-27 15:28:36',)","(224,)","(-30,)","(-90,)","('271',)","('66',)","(-90,)"
"('2022-03-27 15:28:36',)","(223,)","(-29,)","(-90,)","('271',)","('66',)","(-90,)"
"('2022-03-27 15:28:35',)","(224,)","(-29,)","(-89,)","('270',)","('69',)","(-89,)"
"('2022-03-27 15:28:35',)","(225,)","(-28,)","(-89,)","('270',)","('70',)","(-89,)"
"('2022-03-27 15:28:35',)","(224,)","(-28,)","(-87,)","('270',)","('71',)","(-87,)"
"('2022-03-27 15:28:35',)","(222,)","(-29,)","(-89,)","('279',)","('70',)","(-89,)"
"('2022-03-27 15:28:34',)","(224,)","(-31,)","(-90,)","('270',)","('70',)","(-90,)"
"('2022-03-27 15:28:34',)","(224,)","(-30,)","(-89,)","('270',)","('70',)","(-89,)"
"('2022-03-27 15:28:34',)","(224,)","(-32,)","(-89,)","('270',)","('70',)","(-89,)"
"('2022-03-27 15:28:34',)","(223,)","(-30,)","(-91,)","('270',)","('70',)","(-91,)"
"('2022-03-27 15:28:34',)","(223,)","(-31,)","(-90,)","('270',)","('70',)","(-90,)"
"('2022-03-27 15:28:34',)","(224,)","(-30,)","(-88,)","('269',)","('71',)","(-88,)"
"('2022-03-27 15:28:33',)","(223,)","(-30,)","(-89,)","('270',)","('70',)","(-89,)"
"('2022-03-27 15:28:33',)","(224,)","(-31,)","(-90,)","('269',)","('70',)","(-90,)"
"('2022-03-27 15:28:33',)","(223,)","(-30,)","(-90,)","('269',)","('71',)","(-90,)"
"('2022-03-27 15:28:33',)","(225,)","(-30,)","(-90,)","('269',)","('71',)","(-90,)"
"('2022-03-27 15:28:33',)","(223,)","(-30,)","(-89,)","('271',)","('70',)","(-89,)"
"('2022-03-27 15:28:33',)","(224,)","(-31,)","(-89,)","('270',)","('69',)","(-89,)"
"('2022-03-27 15:28:33',)","(223,)","(-30,)","(-89,)","('270',)","('71',)","(-89,)"
"('2022-03-27 15:28:33',)","(225,)","(-32,)","(-89,)","('271',)","('69',)","(-89,)"
"('2022-03-27 15:28:33',)","(223,)","(-30,)","(-89,)","('271',)","('69',)","(-89,)"
"('2022-03-27 15:28:33',)","(225,)","(-30,)","(-90,)","('270',)","('71',)","(-90,)"
"('2022-03-27 15:28:33',)","(223,)","(-30,)","(-90,)","('271',)","('70',)","(-90,)"
"('2022-03-27 15:28:33',)","(222,)","(-30,)","(-90,)","('271',)","('70',)","(-90,)"
"('2022-03-27 15:28:33',)","(223,)","(-31,)","(-90,)","('270',)","('71',)","(-90,)"
"('2022-03-27 15:28:33',)","(224,)","(-30,)","(-91,)","('269',)","('70',)","(-91,)"
"('2022-03-27 15:28:33',)","(223,)","(-31,)","(-89,)","('270',)","('69',)","(-89,)"
"('2022-03-27 15:28:33',)","(223,)","(-30,)","(-90,)","('270',)","('71',)","(-90,)"
"('2022-03-27 15:28:33',)","(223,)","(-29,)","(-90,)","('270',)","('69',)","(-90,)"
"('2022-03-27 15:28:33',)","(224,)","(-31,)","(-90,)","('271',)","('71',)","(-90,)"
"('2022-03-27 15:28:33',)","(224,)","(-30,)","(-90,)","('269',)","('71',)","(-90,)"
"('2022-03-27 15:28:32',)","(225,)","(-30,)","(-90,)","('270',)","('71',)","(-90,)"
"('2022-03-27 15:28:32',)","(224,)","(-30,)","(-89,)","('271',)","('69',)","(-89,)"
"('2022-03-27 15:28:32',)","(223,)","(-29,)","(-90,)","('270',)","('70',)","(-90,)"
"('2022-03-27 15:28:32',)","(225,)","(-32,)","(-90,)","('271',)","('71',)","(-90,)"
"('2022-03-27 15:28:32',)","(225,)","(-30,)","(-90,)","('270',)","('69',)","(-90,)"
"('2022-03-27 15:28:32',)","(223,)","(-31,)","(-90,)","('271',)","('70',)","(-90,)"
"('2022-03-27 15:28:32',)","(224,)","(-31,)","(-91,)","('270',)","('70',)","(-91,)"
"('2022-03-27 15:28:32',)","(223,)","(-30,)","(-90,)","('270',)","('69',)","(-90,)"
"('2022-03-27 15:28:32',)","(223,)","(-30,)","(-89,)","('269',)","('70',)","(-89,)"
"('2022-03-27 15:28:32',)","(225,)","(-31,)","(-89,)","('270',)","('70',)","(-89,)"
"('2022-03-27 15:28:32',)","(223,)","(-31,)","(-90,)","('271',)","('69',)","(-90,)"
"('2022-03-27 15:28:30',)","(223,)","(-30,)","(-90,)","('270',)","('71',)","(-90,)"
"('2022-03-22 12:10:16',)","(-30,)","(112,)","(227,)","('-98',)","('-32',)","(227,)"
"('2022-03-22 12:10:16',)","(-32,)","(112,)","(226,)","('-97',)","('-32',)","(226,)"
"('2022-03-22 12:10:15',)","(-33,)","(111,)","(230,)","('-98',)","('-30',)","(230,)"
"('2022-03-22 12:10:15',)","(-30,)","(109,)","(228,)","('-98',)","('-31',)","(228,)"
"('2022-03-22 12:10:15',)","(-32,)","(111,)","(225,)","('-98',)","('-32',)","(225,)"
"('2022-03-22 12:10:15',)","(-31,)","(110,)","(228,)","('-98',)","('-32',)","(228,)"
"('2022-03-22 12:10:14',)","(-34,)","(114,)","(226,)","('-97',)","('-31',)","(226,)"
"('2022-03-22 12:10:14',)","(-33,)","(113,)","(226,)","('-97',)","('-31',)","(226,)"
"('2022-03-22 12:10:14',)","(-33,)","(112,)","(226,)","('-97',)","('-30',)","(226,)"
"('2022-03-22 12:10:14',)","(-32,)","(112,)","(228,)","('-96',)","('-31',)","(228,)"
"('2022-03-22 12:10:13',)","(-35,)","(108,)","(229,)","('-97',)","('-32',)","(229,)"
"('2022-03-22 12:10:13',)","(-35,)","(108,)","(228,)","('-97',)","('-32',)","(228,)"
"('2022-03-22 12:10:13',)","(-34,)","(112,)","(227,)","('-97',)","('-32',)","(227,)"
"('2022-03-22 12:10:13',)","(-33,)","(112,)","(227,)","('-98',)","('-32',)","(227,)"
"('2022-03-22 12:10:12',)","(-32,)","(114,)","(227,)","('-98',)","('-31',)","(227,)"
"('2022-03-22 12:10:12',)","(-33,)","(114,)","(225,)","('-97',)","('-31',)","(225,)"
"('2022-03-22 12:10:12',)","(-32,)","(112,)","(227,)","('-96',)","('-33',)","(227,)"
"('2022-03-22 12:10:12',)","(-33,)","(114,)","(227,)","('-97',)","('-32',)","(227,)"
"('2022-03-22 12:10:11',)","(-32,)","(107,)","(228,)","('-96',)","('-33',)","(228,)"
"('2022-03-22 12:10:11',)","(-34,)","(107,)","(227,)","('-97',)","('-32',)","(227,)"
"('2022-03-22 12:10:11',)","(-34,)","(111,)","(228,)","('-97',)","('-32',)","(228,)"
"('2022-03-22 12:10:11',)","(-33,)","(111,)","(227,)","('-97',)","('-31',)","(227,)"
"('2022-03-22 12:10:10',)","(-32,)","(111,)","(228,)","('-98',)","('-32',)","(228,)"
"('2022-03-22 12:10:10',)","(-35,)","(112,)","(227,)","('-96',)","('-32',)","(227,)"
"('2022-03-22 12:10:10',)","(-33,)","(110,)","(225,)","('-97',)","('-31',)","(225,)"
"('2022-03-22 12:10:10',)","(-34,)","(112,)","(226,)","('-97',)","('-32',)","(226,)"
"('2022-03-22 12:10:10',)","(-30,)","(113,)","(228,)","('-96',)","('-33',)","(228,)"
"('2022-03-22 12:10:10',)","(-33,)","(112,)","(227,)","('-98',)","('-32',)","(227,)"
"('2022-03-22 12:10:09',)","(-32,)","(110,)","(225,)","('-97',)","('-31',)","(225,)"
"('2022-03-22 12:10:09',)","(-34,)","(112,)","(226,)","('-97',)","('-31',)","(226,)"
"('2022-03-22 12:10:09',)","(-38,)","(112,)","(226,)","('-97',)","('-31',)","(226,)"
"('2022-03-22 12:10:09',)","(-36,)","(111,)","(226,)","('-97',)","('-32',)","(226,)"
"('2022-03-22 12:10:09',)","(-31,)","(112,)","(232,)","('-98',)","('-32',)","(232,)"
"('2022-03-22 12:10:09',)","(-33,)","(112,)","(231,)","('-97',)","('-32',)","(231,)"
"('2022-03-22 12:10:08',)","(-29,)","(113,)","(234,)","('-97',)","('-32',)","(234,)"
"('2022-03-22 12:10:08',)","(-34,)","(110,)","(230,)","('-97',)","('-31',)","(230,)"
"('2022-03-22 12:10:08',)","(-36,)","(111,)","(230,)","('-97',)","('-33',)","(230,)"
"('2022-03-22 12:10:08',)","(-35,)","(113,)","(226,)","('-97',)","('-32',)","(226,)"
"('2022-03-22 12:10:08',)","(-30,)","(111,)","(225,)","('-97',)","('-32',)","(225,)"
"('2022-03-22 12:10:08',)","(-34,)","(111,)","(225,)","('-97',)","('-31',)","(225,)"
"('2022-03-22 12:10:08',)","(-32,)","(112,)","(226,)","('-96',)","('-31',)","(226,)"
"('2022-03-22 12:10:08',)","(-32,)","(113,)","(225,)","('-97',)","('-31',)","(225,)"
